"use strict";(self.webpackChunkmy_docs_website=self.webpackChunkmy_docs_website||[]).push([[1924],{24873:(e,n,t)=>{t.r(n),t.d(n,{assets:()=>c,contentTitle:()=>r,default:()=>h,frontMatter:()=>i,metadata:()=>o,toc:()=>l});var s=t(74848),a=t(28453);const i={title:"Perform database development in a MySQL tenant",weight:2},r="6.1 Perform database development in a MySQL tenant",o={id:"user_manual/quick_starts_and_hands_on_practices_in_english/chapter_06_using_ob_for_business_development/using_mysql_for_database_development",title:"Perform database development in a MySQL tenant",description:"This topic describes how to connect to and access OceanBase Database in MySQL mode, and how to perform database development, such as data read/write and transaction processing. OceanBase Database supports a variety of connection methods, including command-line clients, the GUI client OceanBase Developer Center (ODC), and database drivers in various programming languages. OceanBase Database in MySQL mode is compatible with most features and statements of MySQL 5.7 or 8.0, and provides unique extended features, such as partitioned tables, global indexes, recycle bins, table groups, sequences, flashback queries, and replicated tables.",source:"@site/docs/user_manual/quick_starts_and_hands_on_practices_in_english/chapter_06_using_ob_for_business_development/01_using_mysql_for_database_development.md",sourceDirName:"user_manual/quick_starts_and_hands_on_practices_in_english/chapter_06_using_ob_for_business_development",slug:"/user_manual/quick_starts_and_hands_on_practices_in_english/chapter_06_using_ob_for_business_development/using_mysql_for_database_development",permalink:"/docs/user_manual/quick_starts_and_hands_on_practices_in_english/chapter_06_using_ob_for_business_development/using_mysql_for_database_development",draft:!1,unlisted:!1,editUrl:"https://github.com/oceanbase/oceanbase.github.io/tree/main/docs/user_manual/quick_starts_and_hands_on_practices_in_english/chapter_06_using_ob_for_business_development/01_using_mysql_for_database_development.md",tags:[],version:"current",sidebarPosition:1,frontMatter:{title:"Perform database development in a MySQL tenant",weight:2},sidebar:"quick_starts_and_hands_on_practices_in_englishSidebar",previous:{title:"Introduction",permalink:"/docs/user_manual/quick_starts_and_hands_on_practices_in_english/chapter_06_using_ob_for_business_development/introduction"},next:{title:"Use ODC for GUI-based SQL development",permalink:"/docs/user_manual/quick_starts_and_hands_on_practices_in_english/chapter_06_using_ob_for_business_development/using_odc_for_sql_development"}},c={},l=[{value:"Connection methods",id:"connection-methods",level:2},{value:"Clients",id:"clients",level:3},{value:"MySQL client (mysql)",id:"mysql-client-mysql",level:4},{value:"Prerequisites",id:"prerequisites",level:5},{value:"Connect to OceanBase Database",id:"connect-to-oceanbase-database",level:5},{value:"Common errors",id:"common-errors",level:5},{value:"OBClient",id:"obclient",level:4},{value:"Prerequisites",id:"prerequisites-1",level:5},{value:"Connect to OceanBase Database",id:"connect-to-oceanbase-database-1",level:5},{value:"ODC",id:"odc",level:4},{value:"Prerequisites",id:"prerequisites-2",level:5},{value:"Examples",id:"examples",level:5},{value:"Considerations",id:"considerations",level:5},{value:"DBeaver",id:"dbeaver",level:4},{value:"Prerequisites",id:"prerequisites-3",level:5},{value:"Connect to OceanBase Database",id:"connect-to-oceanbase-database-2",level:5},{value:"Considerations",id:"considerations-1",level:5},{value:"Navicat",id:"navicat",level:4},{value:"Prerequisites",id:"prerequisites-4",level:5},{value:"Connect to OceanBase Database",id:"connect-to-oceanbase-database-3",level:5},{value:"Considerations",id:"considerations-2",level:5},{value:"Configure a connection pool",id:"configure-a-connection-pool",level:4},{value:"Recommended data source configuration",id:"recommended-data-source-configuration",level:5},{value:"Configure a JDBC connection pool",id:"configure-a-jdbc-connection-pool",level:5},{value:"Suggestions on connection pool settings",id:"suggestions-on-connection-pool-settings",level:5},{value:"Drivers",id:"drivers",level:3},{value:"Java driver (MySQL Connector/J)",id:"java-driver-mysql-connectorj",level:4},{value:"C driver (OceanBase Connector/C)",id:"c-driver-oceanbase-connectorc",level:4},{value:"Python driver (PyMySQL)",id:"python-driver-pymysql",level:4},{value:"Go driver (Go-SQL-Driver)",id:"go-driver-go-sql-driver",level:4},{value:"ORM frameworks",id:"orm-frameworks",level:3},{value:"Database operations",id:"database-operations",level:2},{value:"Manage database objects",id:"manage-database-objects",level:3},{value:"Manage users",id:"manage-users",level:4},{value:"Prerequisites",id:"prerequisites-5",level:5},{value:"Naming rules for usernames",id:"naming-rules-for-usernames",level:5},{value:"Create a user",id:"create-a-user",level:5},{value:"Manage databases",id:"manage-databases",level:4},{value:"Prerequisites",id:"prerequisites-6",level:5},{value:"Limitations",id:"limitations",level:5},{value:"Suggestions on database creation",id:"suggestions-on-database-creation",level:5},{value:"Sample statements",id:"sample-statements",level:5},{value:"Manage tables",id:"manage-tables",level:4},{value:"Table types",id:"table-types",level:5},{value:"Limitations",id:"limitations-1",level:5},{value:"Suggestions on table creation",id:"suggestions-on-table-creation",level:5},{value:"Sample statements",id:"sample-statements-1",level:5},{value:"Manage indexes",id:"manage-indexes",level:4},{value:"Prerequisites",id:"prerequisites-7",level:5},{value:"Limitations",id:"limitations-2",level:5},{value:"Suggestions on index creation",id:"suggestions-on-index-creation",level:5},{value:"Sample statements",id:"sample-statements-2",level:5},{value:"Subprograms",id:"subprograms",level:4},{value:"Write data",id:"write-data",level:3},{value:"Insert data",id:"insert-data",level:4},{value:"Prerequisites",id:"prerequisites-8",level:5},{value:"Use the <code>INSERT</code> statement to insert data",id:"use-the-insert-statement-to-insert-data",level:5},{value:"Insert data by using other statements",id:"insert-data-by-using-other-statements",level:5},{value:"Update data",id:"update-data",level:4},{value:"Prerequisites",id:"prerequisites-9",level:5},{value:"Update data by using the <code>UPDATE</code> statement",id:"update-data-by-using-the-update-statement",level:5},{value:"Update data by using other statements",id:"update-data-by-using-other-statements",level:5},{value:"Delete data",id:"delete-data",level:4},{value:"Prerequisites",id:"prerequisites-10",level:5},{value:"Use the <code>DELETE</code> statement to delete data",id:"use-the-delete-statement-to-delete-data",level:5},{value:"Use the TRUNCATE TABLE statement to empty a table",id:"use-the-truncate-table-statement-to-empty-a-table",level:5},{value:"Replace data",id:"replace-data",level:4},{value:"Prerequisites",id:"prerequisites-11",level:5},{value:"Use REPLACE INTO to replace data",id:"use-replace-into-to-replace-data",level:5},{value:"Read data",id:"read-data",level:3},{value:"Query a single table",id:"query-a-single-table",level:4},{value:"Prerequisites",id:"prerequisites-12",level:5},{value:"Execute a SELECT query",id:"execute-a-select-query",level:5},{value:"Perform subqueries",id:"perform-subqueries",level:4},{value:"Manage transactions",id:"manage-transactions",level:3},{value:"Start a transaction",id:"start-a-transaction",level:4},{value:"Define a savepoint",id:"define-a-savepoint",level:4},{value:"Commit a transaction",id:"commit-a-transaction",level:4},{value:"Commit a transaction explicitly",id:"commit-a-transaction-explicitly",level:4},{value:"Commit a transaction implicitly",id:"commit-a-transaction-implicitly",level:4},{value:"Roll back a transaction",id:"roll-back-a-transaction",level:4},{value:"Automatically roll back a transaction",id:"automatically-roll-back-a-transaction",level:5},{value:"Roll back an interrupted transaction",id:"roll-back-an-interrupted-transaction",level:5},{value:"Transaction isolation levels",id:"transaction-isolation-levels",level:4},{value:"OceanBase Database vs other databases in terms of isolation levels",id:"oceanbase-database-vs-other-databases-in-terms-of-isolation-levels",level:5},{value:"Read committed",id:"read-committed",level:5},{value:"Repeatable read or serializable",id:"repeatable-read-or-serializable",level:5},{value:"Set the isolation level",id:"set-the-isolation-level",level:5},{value:"Limitations",id:"limitations-3",level:5},{value:"Weak consistency read",id:"weak-consistency-read",level:4}];function d(e){const n={a:"a",blockquote:"blockquote",code:"code",h1:"h1",h2:"h2",h3:"h3",h4:"h4",h5:"h5",header:"header",li:"li",ol:"ol",p:"p",pre:"pre",strong:"strong",table:"table",tbody:"tbody",td:"td",th:"th",thead:"thead",tr:"tr",ul:"ul",...(0,a.R)(),...e.components};return(0,s.jsxs)(s.Fragment,{children:[(0,s.jsx)(n.header,{children:(0,s.jsx)(n.h1,{id:"61-perform-database-development-in-a-mysql-tenant",children:"6.1 Perform database development in a MySQL tenant"})}),"\n",(0,s.jsx)(n.p,{children:"This topic describes how to connect to and access OceanBase Database in MySQL mode, and how to perform database development, such as data read/write and transaction processing. OceanBase Database supports a variety of connection methods, including command-line clients, the GUI client OceanBase Developer Center (ODC), and database drivers in various programming languages. OceanBase Database in MySQL mode is compatible with most features and statements of MySQL 5.7 or 8.0, and provides unique extended features, such as partitioned tables, global indexes, recycle bins, table groups, sequences, flashback queries, and replicated tables."}),"\n",(0,s.jsx)(n.h2,{id:"connection-methods",children:"Connection methods"}),"\n",(0,s.jsx)(n.p,{children:"You can connect to OceanBase Database by using a client, a driver, or an Object Relational Mapping (ORM) framework."}),"\n",(0,s.jsx)(n.h3,{id:"clients",children:"Clients"}),"\n",(0,s.jsx)(n.p,{children:"You can connect to a MySQL tenant of OceanBase Database by using any of the following clients:"}),"\n",(0,s.jsx)(n.h4,{id:"mysql-client-mysql",children:"MySQL client (mysql)"}),"\n",(0,s.jsx)(n.p,{children:"The mysql client is a MySQL CLI tool that must be separately installed. OceanBase Database Community Edition supports only MySQL tenants. You can use a MySQL client to access a MySQL tenant. This section describes in detail how to connect to OceanBase Database by using the mysql client. You can refer to this section when you configure other clients and GUI tools."}),"\n",(0,s.jsx)(n.h5,{id:"prerequisites",children:"Prerequisites"}),"\n",(0,s.jsx)(n.p,{children:"Before you connect to OceanBase Database by using the mysql client, make sure that the following conditions are met:"}),"\n",(0,s.jsxs)(n.ul,{children:["\n",(0,s.jsxs)(n.li,{children:["\n",(0,s.jsx)(n.p,{children:"The mysql client is installed on your server. OceanBase Database supports the mysql client of the following versions: 5.5, 5.6, and 5.7."}),"\n"]}),"\n",(0,s.jsxs)(n.li,{children:["\n",(0,s.jsxs)(n.p,{children:["The environment variable ",(0,s.jsx)(n.code,{children:"PATH"})," contains the directory where the mysql client is located."]}),"\n"]}),"\n",(0,s.jsxs)(n.li,{children:["\n",(0,s.jsxs)(n.p,{children:["The client is in the allowlist of the tenant. For more information about how to query and configure a tenant allowlist, see ",(0,s.jsx)(n.a,{href:"https://en.oceanbase.com/docs/common-oceanbase-database-10000000001375924",children:"View and set the tenant allowlist"}),"."]}),"\n"]}),"\n"]}),"\n",(0,s.jsx)(n.h5,{id:"connect-to-oceanbase-database",children:"Connect to OceanBase Database"}),"\n",(0,s.jsxs)(n.ol,{children:["\n",(0,s.jsxs)(n.li,{children:["\n",(0,s.jsx)(n.p,{children:"Open a command shell."}),"\n"]}),"\n",(0,s.jsxs)(n.li,{children:["\n",(0,s.jsx)(n.p,{children:"Connect to a MySQL tenant by running a MySQL command."}),"\n",(0,s.jsxs)(n.ul,{children:["\n",(0,s.jsxs)(n.li,{children:["\n",(0,s.jsx)(n.p,{children:"To connect to the MySQL tenant by using an OceanBase Data Proxy (ODP), run the following command:"}),"\n",(0,s.jsx)(n.pre,{children:(0,s.jsx)(n.code,{className:"language-sql",children:"$mysql -h10.10.10.1 -uusername@obmysql#obdemo -P2883 -p****** -c -A -Doceanbase\n"})}),"\n",(0,s.jsx)(n.p,{children:"or"}),"\n",(0,s.jsx)(n.pre,{children:(0,s.jsx)(n.code,{className:"language-sql",children:"$mysql -h10.10.10.1 -uobdemo:obmysql:username -P2883 -p****** -c -A -Doceanbase\n"})}),"\n",(0,s.jsx)(n.p,{children:"The parameters are described as follows:"}),"\n",(0,s.jsxs)(n.ul,{children:["\n",(0,s.jsxs)(n.li,{children:["\n",(0,s.jsxs)(n.p,{children:[(0,s.jsx)(n.code,{children:"-h"}),": the IP address for connecting to OceanBase Database, which is usually the IP address of the ODP."]}),"\n"]}),"\n",(0,s.jsxs)(n.li,{children:["\n",(0,s.jsxs)(n.p,{children:[(0,s.jsx)(n.code,{children:"-u"}),": the tenant account. The following formats are supported: ",(0,s.jsx)(n.code,{children:"Username@Tenant name#Cluster name"}),", ",(0,s.jsx)(n.code,{children:"Cluster name:Tenant name:Username"}),", ",(0,s.jsx)(n.code,{children:"Cluster name-Tenant name-Username"}),", and ",(0,s.jsx)(n.code,{children:"Cluster name.Tenant name.Username"}),". You can use the mysql client to connect only to a MySQL tenant. The default username of the administrator of a MySQL tenant is ",(0,s.jsx)(n.code,{children:"root"}),"."]}),"\n"]}),"\n",(0,s.jsxs)(n.li,{children:["\n",(0,s.jsxs)(n.p,{children:[(0,s.jsx)(n.code,{children:"-P"}),": the port for connecting to OceanBase Database, which is also the listening port of the ODP. The default value is ",(0,s.jsx)(n.code,{children:"2883"}),", which can be customized when ODP is deployed."]}),"\n"]}),"\n",(0,s.jsxs)(n.li,{children:["\n",(0,s.jsxs)(n.p,{children:[(0,s.jsx)(n.code,{children:"-c"}),": specifies not to ignore comments in the runtime environment of MySQL. Hints are special comments that are not affected by the ",(0,s.jsx)(n.code,{children:"-c"})," parameter."]}),"\n"]}),"\n",(0,s.jsxs)(n.li,{children:["\n",(0,s.jsxs)(n.p,{children:[(0,s.jsx)(n.code,{children:"-A"}),": specifies not to automatically retrieve the statistical information when connecting to a MySQL tenant."]}),"\n"]}),"\n",(0,s.jsxs)(n.li,{children:["\n",(0,s.jsxs)(n.p,{children:[(0,s.jsx)(n.code,{children:"oceanbase"}),": the name of the database to access. You can change it to the name of a business database."]}),"\n"]}),"\n"]}),"\n",(0,s.jsx)(n.p,{children:"Here is an example:"}),"\n",(0,s.jsx)(n.pre,{children:(0,s.jsx)(n.code,{className:"language-sql",children:"$mysql -h10.10.10.1 -u******@obmysql#obdemo -P2883 -p****** -c -A oceanbase\n"})}),"\n",(0,s.jsx)(n.p,{children:"or"}),"\n",(0,s.jsx)(n.pre,{children:(0,s.jsx)(n.code,{className:"language-sql",children:"$mysql -h10.10.10.1 -uobdemo:obmysql:****** -P2883 -p****** -c -A -Doceanbase\n"})}),"\n"]}),"\n",(0,s.jsxs)(n.li,{children:["\n",(0,s.jsx)(n.p,{children:"To directly connect to an OBServer node of the MySQL tenant, run the following command:"}),"\n",(0,s.jsx)(n.pre,{children:(0,s.jsx)(n.code,{className:"language-sql",children:"$mysql -h10.10.10.1 -uusername@obmysql -P2881 -p****** -c -A -Doceanbase\n"})}),"\n",(0,s.jsx)(n.p,{children:"The parameters are described as follows:"}),"\n",(0,s.jsxs)(n.ul,{children:["\n",(0,s.jsxs)(n.li,{children:["\n",(0,s.jsxs)(n.p,{children:[(0,s.jsx)(n.code,{children:"-h"}),": the IP address for connecting to OceanBase Database, which is usually the IP address of an OBServer node."]}),"\n"]}),"\n",(0,s.jsxs)(n.li,{children:["\n",(0,s.jsxs)(n.p,{children:[(0,s.jsx)(n.code,{children:"-u"}),": the tenant account in the following format: ",(0,s.jsx)(n.code,{children:"Username@Tenant name"}),". You can use the mysql client to connect only to a MySQL tenant. The default username of the administrator of a MySQL tenant is ",(0,s.jsx)(n.code,{children:"root"}),"."]}),"\n"]}),"\n",(0,s.jsxs)(n.li,{children:["\n",(0,s.jsxs)(n.p,{children:[(0,s.jsx)(n.code,{children:"-P"}),": the port for connecting to OceanBase Database. The default value is ",(0,s.jsx)(n.code,{children:"2881"}),", which can be customized when OceanBase Database is deployed."]}),"\n"]}),"\n",(0,s.jsxs)(n.li,{children:["\n",(0,s.jsxs)(n.p,{children:[(0,s.jsx)(n.code,{children:"-p"}),": specifies the account password. For security reasons, you do not need to specify this parameter. In that case, you will be prompted to enter a password later. The password is masked."]}),"\n"]}),"\n",(0,s.jsxs)(n.li,{children:["\n",(0,s.jsxs)(n.p,{children:[(0,s.jsx)(n.code,{children:"-c"}),": specifies not to ignore comments in the runtime environment of MySQL. Hints are special comments that are not affected by the ",(0,s.jsx)(n.code,{children:"-c"})," parameter."]}),"\n"]}),"\n",(0,s.jsxs)(n.li,{children:["\n",(0,s.jsxs)(n.p,{children:[(0,s.jsx)(n.code,{children:"-A"}),": specifies not to automatically retrieve the statistical information when connecting to a MySQL tenant."]}),"\n"]}),"\n",(0,s.jsxs)(n.li,{children:["\n",(0,s.jsxs)(n.p,{children:[(0,s.jsx)(n.code,{children:"oceanbase"}),": the name of the database to access. You can change it to the name of a business database."]}),"\n"]}),"\n"]}),"\n"]}),"\n"]}),"\n",(0,s.jsxs)(n.blockquote,{children:["\n",(0,s.jsx)(n.p,{children:(0,s.jsx)(n.strong,{children:"Note"})}),"\n",(0,s.jsx)(n.p,{children:"When you use the direct connection method, make sure that the tenant resources are distributed on the OBServer node you specified. Otherwise, you cannot connect to the tenant by using this OBServer node."}),"\n"]}),"\n"]}),"\n"]}),"\n",(0,s.jsx)(n.h5,{id:"common-errors",children:"Common errors"}),"\n",(0,s.jsxs)(n.ul,{children:["\n",(0,s.jsxs)(n.li,{children:["\n",(0,s.jsx)(n.p,{children:"Business database connection errors"}),"\n",(0,s.jsx)(n.pre,{children:(0,s.jsx)(n.code,{className:"language-shell",children:"$mysql -h10.10.10.1 -u******@obmysql#obdemo -P2883 -p****** -c -A -Doceanbaseerror\n"})}),"\n",(0,s.jsx)(n.p,{children:"The output is as follows:"}),"\n",(0,s.jsx)(n.pre,{children:(0,s.jsx)(n.code,{className:"language-shell",children:"mysql: [Warning] Using a password on the command line interface can be insecure.\nERROR 1049 (42000): Unknown database 'oceanbaseerror'\n"})}),"\n"]}),"\n",(0,s.jsxs)(n.li,{children:["\n",(0,s.jsx)(n.p,{children:"Incorrect cluster name"}),"\n",(0,s.jsx)(n.pre,{children:(0,s.jsx)(n.code,{className:"language-shell",children:"$mysql -h10.10.10.1 -u******@obmysql#obdemoerror -P2883 -p****** -c -A -Doceanbase\n"})}),"\n",(0,s.jsx)(n.p,{children:"The output is as follows:"}),"\n",(0,s.jsx)(n.pre,{children:(0,s.jsx)(n.code,{className:"language-shell",children:"mysql: [Warning] Using a password on the command line interface can be insecure.\nERROR 4669 (HY000): cluster not exist\n"})}),"\n"]}),"\n",(0,s.jsxs)(n.li,{children:["\n",(0,s.jsx)(n.p,{children:"Incorrect tenant name"}),"\n",(0,s.jsx)(n.pre,{children:(0,s.jsx)(n.code,{className:"language-shell",children:"$mysql -h10.10.10.1 -u******@obmysqlerror#obdemo -P2883 -p****** -c -A -Doceanbase\n"})}),"\n",(0,s.jsx)(n.p,{children:"The output is as follows:"}),"\n",(0,s.jsx)(n.pre,{children:(0,s.jsx)(n.code,{className:"language-shell",children:"mysql: [Warning] Using a password on the command line interface can be insecure.\nERROR 4012 (HY000): Get Location Cache Fail\n"})}),"\n"]}),"\n",(0,s.jsxs)(n.li,{children:["\n",(0,s.jsx)(n.p,{children:"Incorrect password"}),"\n",(0,s.jsx)(n.pre,{children:(0,s.jsx)(n.code,{className:"language-shell",children:"$mysql -h10.10.10.1 -u******@obmysql#obdemo -P2883 -p******error -c -A -Doceanbase\n"})}),"\n",(0,s.jsx)(n.p,{children:"The output is as follows:"}),"\n",(0,s.jsx)(n.pre,{children:(0,s.jsx)(n.code,{className:"language-shell",children:"ERROR 1045 (42000): Access denied for user 'root'@'xxx.xxx.xxx.xxx' (using password: YES)\n"})}),"\n"]}),"\n",(0,s.jsxs)(n.li,{children:["\n",(0,s.jsx)(n.p,{children:"Direct connection to an OBServer node with the cluster name specified"}),"\n",(0,s.jsx)(n.pre,{children:(0,s.jsx)(n.code,{className:"language-shell",children:"$mysql -h10.10.10.1 -u******@obmysql#obdemo -P2881 -p******error -c -A -Doceanbase\n"})}),"\n",(0,s.jsx)(n.p,{children:"The output is as follows:"}),"\n",(0,s.jsx)(n.pre,{children:(0,s.jsx)(n.code,{className:"language-shell",children:"ERROR 1045 (42000): Access denied for user 'root'@'xxx.xxx.xxx.xxx' (using password: YES)\n"})}),"\n"]}),"\n",(0,s.jsxs)(n.li,{children:["\n",(0,s.jsx)(n.p,{children:"Incorrect port"}),"\n",(0,s.jsx)(n.pre,{children:(0,s.jsx)(n.code,{className:"language-shell",children:"$mysql -h10.10.10.1 -u******@obmysql#obdemo -P2889 -p****** -c -A -Doceanbase\n"})}),"\n",(0,s.jsx)(n.p,{children:"The output is as follows:"}),"\n",(0,s.jsx)(n.pre,{children:(0,s.jsx)(n.code,{className:"language-shell",children:"mysql: [Warning] Using a password on the command line interface can be insecure.\nERROR 2003 (HY000): Can't connect to MySQL server on '10.10.10.1' (111)\n"})}),"\n"]}),"\n"]}),"\n",(0,s.jsx)(n.h4,{id:"obclient",children:"OBClient"}),"\n",(0,s.jsx)(n.p,{children:"OBClient is an interactive query tool that supports batch processing. It must be installed separately. OBClient provides a CLI and acts as the client when it is connected to OceanBase Database. It supports Oracle and MySQL tenants of OceanBase Database. After you connect to OceanBase Database, you can use OBClient to run database commands (including general MySQL commands) and execute SQL and PL/SQL statements."}),"\n",(0,s.jsx)(n.h5,{id:"prerequisites-1",children:"Prerequisites"}),"\n",(0,s.jsxs)(n.ul,{children:["\n",(0,s.jsxs)(n.li,{children:["\n",(0,s.jsxs)(n.p,{children:["The OBClient application is downloaded and installed. To download OBClient of the required version, go to ",(0,s.jsx)(n.a,{href:"https://en.oceanbase.com/softwarecenter",children:"OceanBase Download Center"}),"."]}),"\n"]}),"\n",(0,s.jsxs)(n.li,{children:["\n",(0,s.jsxs)(n.p,{children:["The client is in the allowlist of the tenant. For more information about how to query and configure a tenant allowlist, see ",(0,s.jsx)(n.a,{href:"https://en.oceanbase.com/docs/common-oceanbase-database-10000000001375924",children:"View and set the tenant allowlist"}),"."]}),"\n"]}),"\n"]}),"\n",(0,s.jsx)(n.h5,{id:"connect-to-oceanbase-database-1",children:"Connect to OceanBase Database"}),"\n",(0,s.jsxs)(n.ul,{children:["\n",(0,s.jsxs)(n.li,{children:["\n",(0,s.jsx)(n.p,{children:"To connect to OceanBase Database by using an ODP, run the following command:"}),"\n",(0,s.jsx)(n.pre,{children:(0,s.jsx)(n.code,{className:"language-sql",children:"obclient -h10.10.10.1 -uusername@obtenant#obdemo -P2883 -p****** -c -A -Doceanbase\n"})}),"\n",(0,s.jsx)(n.p,{children:"or"}),"\n",(0,s.jsx)(n.pre,{children:(0,s.jsx)(n.code,{className:"language-sql",children:"obclient -h10.10.10.1 -uobdemo:obtenant:username -P2883 -p****** -c -A -Doceanbase\n"})}),"\n"]}),"\n",(0,s.jsxs)(n.li,{children:["\n",(0,s.jsx)(n.p,{children:"To directly connect to an OBServer node, run the following command:"}),"\n",(0,s.jsx)(n.pre,{children:(0,s.jsx)(n.code,{className:"language-sql",children:"obclient -h10.10.10.1 -uusername@obtenant -P2881 -p****** -c -A -Doceanbase\n"})}),"\n"]}),"\n"]}),"\n",(0,s.jsx)(n.p,{children:"For more information about parameters in the commands, see the parameter description for the mysql client."}),"\n",(0,s.jsx)(n.h4,{id:"odc",children:"ODC"}),"\n",(0,s.jsx)(n.p,{children:"ODC is an enterprise-level collaborative database development tool tailored for OceanBase Database."}),"\n",(0,s.jsx)(n.p,{children:"ODC allows you to connect to a MySQL tenant of OceanBase Database and a MySQL database. ODC is provided in two forms: Client ODC and Web ODC. Client ODC focuses on database development. It is lightweight and easy to deploy on Windows, macOS, and Linux. While functioning as a tool platform, Web ODC also provides collaborative management features to ensure the security, compliance, and efficiency of database changes."}),"\n",(0,s.jsx)(n.h5,{id:"prerequisites-2",children:"Prerequisites"}),"\n",(0,s.jsxs)(n.p,{children:["You have deployed ODC. For more information, see ",(0,s.jsx)(n.a,{href:"https://en.oceanbase.com/docs/common-odc-10000000001510636",children:"Deployment Guide"}),"."]}),"\n",(0,s.jsx)(n.h5,{id:"examples",children:"Examples"}),"\n",(0,s.jsxs)(n.p,{children:["For more information about how to connect to an OceanBase Database tenant by using ODC, see ",(0,s.jsx)(n.a,{href:"https://en.oceanbase.com/docs/common-oceanbase-database-10000000001104075",children:"Connect to OceanBase Database by using ODC"}),"."]}),"\n",(0,s.jsx)(n.h5,{id:"considerations",children:"Considerations"}),"\n",(0,s.jsx)(n.p,{children:"When you connect to a data source by using ODC, the cluster name is optional on the connection creation page. If you connect directly to an OBServer node, do not specify the cluster name; otherwise, the connection will fail."}),"\n",(0,s.jsx)(n.h4,{id:"dbeaver",children:"DBeaver"}),"\n",(0,s.jsx)(n.p,{children:"DBeaver is a general database client. It connects to a database through the Java Database Connectivity (JDBC) driver provided by the database. It supports normal relational databases, non-relational databases, and distributed databases."}),"\n",(0,s.jsx)(n.p,{children:"You can use DBeaver in a variety of scenarios such as development, debugging, management, and maintenance of OceanBase Database, data analysis and visualization, database migration and synchronization, and learning and training."}),"\n",(0,s.jsx)(n.h5,{id:"prerequisites-3",children:"Prerequisites"}),"\n",(0,s.jsxs)(n.ul,{children:["\n",(0,s.jsxs)(n.li,{children:["\n",(0,s.jsxs)(n.p,{children:["You have downloaded and installed DBeaver. You can download the DBeaver installation package for your operating system from the ",(0,s.jsx)(n.a,{href:"https://dbeaver.io/download/",children:"DBeaver Community website"}),"."]}),"\n"]}),"\n",(0,s.jsxs)(n.li,{children:["\n",(0,s.jsxs)(n.p,{children:["You have obtained the JDBC driver for DBeaver to connect to OceanBase Database. The default driver file is ",(0,s.jsx)(n.code,{children:"mysql-connector-java-5.1.44"}),". Driver files of version 5.x all support connection to MySQL tenants of OceanBase Database. You can also go to the ",(0,s.jsx)(n.a,{href:"https://downloads.mysql.com/archives/c-j/",children:"MySQL Product Archives"})," page at the official website of MySQL and download another V5.x driver file."]}),"\n"]}),"\n",(0,s.jsxs)(n.li,{children:["\n",(0,s.jsx)(n.p,{children:"The IP address of the OBServer node to be connected has access to the server where DBeaver is installed."}),"\n"]}),"\n",(0,s.jsxs)(n.li,{children:["\n",(0,s.jsx)(n.p,{children:"You have installed OceanBase Database and created a MySQL tenant."}),"\n"]}),"\n"]}),"\n",(0,s.jsx)(n.h5,{id:"connect-to-oceanbase-database-2",children:"Connect to OceanBase Database"}),"\n",(0,s.jsxs)(n.p,{children:["For more information about how to connect to an OceanBase Database tenant by using DBeaver, see ",(0,s.jsx)(n.a,{href:"https://en.oceanbase.com/docs/common-oceanbase-database-10000000001375978",children:"Connect to OceanBase Database by using DBeaver"}),"."]}),"\n",(0,s.jsx)(n.h5,{id:"considerations-1",children:"Considerations"}),"\n",(0,s.jsx)(n.p,{children:"OceanBase Database in MySQL mode does not support the EVENT feature. You can ignore event-related error messages when you connect to OceanBase Database."}),"\n",(0,s.jsx)(n.h4,{id:"navicat",children:"Navicat"}),"\n",(0,s.jsx)(n.p,{children:"Navicat is a general database client. It connects to a database through the JDBC driver provided by the database. It supports normal relational databases, non-relational databases, and distributed databases. You can connect to a MySQL tenant of OceanBase Database by using the OceanBase or MySQL driver that comes with Navicat."}),"\n",(0,s.jsx)(n.h5,{id:"prerequisites-4",children:"Prerequisites"}),"\n",(0,s.jsxs)(n.ul,{children:["\n",(0,s.jsxs)(n.li,{children:["\n",(0,s.jsxs)(n.p,{children:["You have downloaded and installed Navicat. You can download the Navicat installation package for your operating system from the ",(0,s.jsx)(n.a,{href:"https://www.navicat.com/en/company/press/107-pres",children:"Navicat Premium website"}),"."]}),"\n"]}),"\n",(0,s.jsxs)(n.li,{children:["\n",(0,s.jsx)(n.p,{children:"The IP address of the OBServer node to be connected has access to the server where Navicat is installed."}),"\n"]}),"\n",(0,s.jsxs)(n.li,{children:["\n",(0,s.jsx)(n.p,{children:"You have installed OceanBase Database and created a MySQL tenant."}),"\n"]}),"\n"]}),"\n",(0,s.jsx)(n.h5,{id:"connect-to-oceanbase-database-3",children:"Connect to OceanBase Database"}),"\n",(0,s.jsxs)(n.p,{children:["For more information about how to connect to an OceanBase Database tenant by using Navicat, see ",(0,s.jsx)(n.a,{href:"https://en.oceanbase.com/docs/common-oceanbase-database-10000000001375981",children:"Connect to OceanBase Database by using Navicat"}),"."]}),"\n",(0,s.jsx)(n.h5,{id:"considerations-2",children:"Considerations"}),"\n",(0,s.jsx)(n.p,{children:"OceanBase Database in MySQL mode does not support the EVENT feature. You can ignore event-related error messages when you connect to OceanBase Database."}),"\n",(0,s.jsx)(n.h4,{id:"configure-a-connection-pool",children:"Configure a connection pool"}),"\n",(0,s.jsx)(n.p,{children:"A database connection pool is a collection of database connection resources. It is created and maintained in memory to improve the database access efficiency of applications. In practice, a connection pool can significantly improve the performance of database operations, especially for applications that frequently access a database."}),"\n",(0,s.jsx)(n.p,{children:"Some of the popular database connection pools are Database Connection Pool (DBCP), Tomcat JDBC, HikariCP, and Druid connection pools. Connection pools have their respective characteristics. You can choose any one of them as needed."}),"\n",(0,s.jsx)(n.h5,{id:"recommended-data-source-configuration",children:"Recommended data source configuration"}),"\n",(0,s.jsxs)(n.table,{children:[(0,s.jsx)(n.thead,{children:(0,s.jsxs)(n.tr,{children:[(0,s.jsx)(n.th,{children:"Parameter definition"}),(0,s.jsx)(n.th,{children:"Description"}),(0,s.jsx)(n.th,{children:"ZDAL parameter"}),(0,s.jsx)(n.th,{children:"Druid parameter"}),(0,s.jsx)(n.th,{children:"DBCP parameter"}),(0,s.jsx)(n.th,{children:"c3p0 parameter"})]})}),(0,s.jsxs)(n.tbody,{children:[(0,s.jsxs)(n.tr,{children:[(0,s.jsx)(n.td,{children:"Number of initial connections"}),(0,s.jsx)(n.td,{children:"The number of connections established during initialization of the connection pool."}),(0,s.jsx)(n.td,{children:"prefill=true, initialized to minConn"}),(0,s.jsx)(n.td,{children:"initialSize(0)"}),(0,s.jsx)(n.td,{children:"initialSize(0)"}),(0,s.jsx)(n.td,{children:"initialPoolSize(3)"})]}),(0,s.jsxs)(n.tr,{children:[(0,s.jsx)(n.td,{children:"Minimum number of connections"}),(0,s.jsx)(n.td,{children:"The minimum number of available connections retained for the connection pool."}),(0,s.jsx)(n.td,{children:"minConn(0)"}),(0,s.jsx)(n.td,{children:"minIdle(0)"}),(0,s.jsx)(n.td,{children:"minIdle(0)"}),(0,s.jsx)(n.td,{children:"minPoolSize(3)"})]}),(0,s.jsxs)(n.tr,{children:[(0,s.jsx)(n.td,{children:"Maximum number of connections"}),(0,s.jsx)(n.td,{children:"The maximum number of available connections. If the number of connections in the connection pool exceeds this number, an exception is returned, indicating that the connection pool is full."}),(0,s.jsx)(n.td,{children:"maxConn(10)"}),(0,s.jsx)(n.td,{children:"maxActive(8)"}),(0,s.jsx)(n.td,{children:"maxActive(8)"}),(0,s.jsx)(n.td,{children:"maxActive(8)"})]}),(0,s.jsxs)(n.tr,{children:[(0,s.jsx)(n.td,{children:"Connection idle timeout period"}),(0,s.jsx)(n.td,{children:"The period of connection idle time that the connection pool waits for before it disconnects the connection. MySQL disconnects a connection that has been idle for 8 hours by default. A connection becomes a dirty one during the active/standby switchover. Without this mechanism, a request may fail. For OceanBase Cloud, the default SLB timeout period is 15 minutes. You can set it to 12 minutes."}),(0,s.jsx)(n.td,{children:"idleTimeoutMinutes(30min)"}),(0,s.jsx)(n.td,{children:"minEvictableIdleTimeMillis(30min)"}),(0,s.jsxs)(n.td,{children:["minEvictableIdleTimeMillis(30min) takes effect only when ",(0,s.jsx)(n.code,{children:"timeBetweenEvictionRunsMillis(-1) > 0"})," is set. This parameter specifies the asynchronous check cycle."]}),(0,s.jsx)(n.td,{children:"maxIdleTime (0 indicates no timeout.)"})]}),(0,s.jsxs)(n.tr,{children:[(0,s.jsx)(n.td,{children:"Timeout period for obtaining a connection from the connection pool"}),(0,s.jsx)(n.td,{children:"If the value is too large, the application response will be very slow when the connection pool is full."}),(0,s.jsx)(n.td,{children:"blockingTimeoutMillis(500ms)"}),(0,s.jsx)(n.td,{children:"maxWait (-1 indicates no timeout.)"}),(0,s.jsx)(n.td,{children:"maxWaitMillis (-1 indicates no timeout.)"}),(0,s.jsx)(n.td,{children:"checkoutTimeout (0 indicates no timeout.)"})]}),(0,s.jsxs)(n.tr,{children:[(0,s.jsx)(n.td,{children:"Timeout period before destroying a connection"}),(0,s.jsx)(n.td,{children:"If a connection is not returned to the connection pool after this period, the connection is directly destroyed. This mechanism prevents connection leakage but restricts the duration in which a connection can be used by a transaction."}),(0,s.jsx)(n.td,{children:"None"}),(0,s.jsx)(n.td,{children:"removeAbandonedTimeoutMillis(300s)"}),(0,s.jsx)(n.td,{children:"removeAbandonedTimeout(300s)"}),(0,s.jsx)(n.td,{children:"None"})]})]})]}),"\n",(0,s.jsx)(n.h5,{id:"configure-a-jdbc-connection-pool",children:"Configure a JDBC connection pool"}),"\n",(0,s.jsx)(n.p,{children:"The following JDBC parameters are important and must be configured. You can specify these parameters in the connection properties of the connection pool or the JDBC URL. Here is an example:"}),"\n",(0,s.jsx)(n.pre,{children:(0,s.jsx)(n.code,{className:"language-shell",children:"conn=jdbc:oceanbase://xxx.xxx.xxx.xxx:3306/test?rewriteBatchedStatements=TRUE&allowMultiQueries=TRUE&useLocalSessionState=TRUE&useUnicode=TRUE&characterEncoding=utf-8&socketTimeout=3000000&connectTimeout=60000\n"})}),"\n",(0,s.jsxs)(n.ul,{children:["\n",(0,s.jsxs)(n.li,{children:["\n",(0,s.jsxs)(n.p,{children:[(0,s.jsx)(n.code,{children:"rewriteBatchedStatements"}),": We recommend that you set the value to ",(0,s.jsx)(n.code,{children:"TRUE"}),"."]}),"\n",(0,s.jsxs)(n.ul,{children:["\n",(0,s.jsxs)(n.li,{children:["\n",(0,s.jsxs)(n.p,{children:["By default, the JDBC driver of OceanBase Database disregards the ",(0,s.jsx)(n.code,{children:"executeBatch()"})," statement. It splits a group of SQL statements to be executed in a batch, and sends them to the database one by one. In this case, a batch insert operation is indeed a bunch of single insert operations, resulting in low performance. To implement real batch insertion, you must set this parameter to ",(0,s.jsx)(n.code,{children:"TRUE"}),", so that the driver can execute SQL statements in batches. You can use the ",(0,s.jsx)(n.code,{children:"addBatch"})," method to combine multiple ",(0,s.jsx)(n.code,{children:"INSERT"})," statements on the same table into one ",(0,s.jsx)(n.code,{children:"INSERT"})," statement that contains multiple values to improve the performance of batch insert operations."]}),"\n"]}),"\n",(0,s.jsxs)(n.li,{children:["\n",(0,s.jsxs)(n.p,{children:["You must use the ",(0,s.jsx)(n.code,{children:"prepareStatement"})," statement to prepare each ",(0,s.jsx)(n.code,{children:"INSERT"})," statement and then execute ",(0,s.jsx)(n.code,{children:"addBatch"}),". Otherwise, the statements cannot be merged for execution."]}),"\n"]}),"\n"]}),"\n"]}),"\n",(0,s.jsxs)(n.li,{children:["\n",(0,s.jsxs)(n.p,{children:[(0,s.jsx)(n.code,{children:"allowMultiQueries"}),": We recommend that you set the value to ",(0,s.jsx)(n.code,{children:"TRUE"}),"."]}),"\n",(0,s.jsx)(n.p,{children:"The JDBC driver allows you to concatenate multiple SQL statements by semicolons (;) in application code and send them as one SQL statement to the server."}),"\n"]}),"\n",(0,s.jsxs)(n.li,{children:["\n",(0,s.jsxs)(n.p,{children:[(0,s.jsx)(n.code,{children:"useLocalSessionState"}),": We recommend that you set the value to ",(0,s.jsx)(n.code,{children:"TRUE"})," to prevent transactions from frequently sending session variable queries to OceanBase Database."]}),"\n",(0,s.jsxs)(n.p,{children:["Main session variables are ",(0,s.jsx)(n.code,{children:"autocommit"}),", ",(0,s.jsx)(n.code,{children:"read_only"})," and ",(0,s.jsx)(n.code,{children:"transaction isolation"}),"."]}),"\n"]}),"\n",(0,s.jsxs)(n.li,{children:["\n",(0,s.jsxs)(n.p,{children:[(0,s.jsx)(n.code,{children:"socketTimeout"}),": the time, in ms, that the socket waits for the response to an SQL statement when the SQL statement is executed. The value ",(0,s.jsx)(n.code,{children:"0"})," specifies not to set a timeout period. You can also set the system variable ",(0,s.jsx)(n.code,{children:"max_statement_time"})," to limit the query time. Default value: ",(0,s.jsx)(n.code,{children:"0"})," (in standard configuration) or ",(0,s.jsx)(n.code,{children:"10000"}),"."]}),"\n"]}),"\n",(0,s.jsxs)(n.li,{children:["\n",(0,s.jsxs)(n.p,{children:[(0,s.jsx)(n.code,{children:"connectTimeout"}),": the time to wait for the connection to be established, in ms. The value ",(0,s.jsx)(n.code,{children:"0"})," specifies not to set a timeout period. Default value: ",(0,s.jsx)(n.code,{children:"30000"}),"."]}),"\n"]}),"\n",(0,s.jsxs)(n.li,{children:["\n",(0,s.jsxs)(n.p,{children:[(0,s.jsx)(n.code,{children:"useCursorFetch"}),": We recommend that you set the value to ",(0,s.jsx)(n.code,{children:"TRUE"}),"."]}),"\n",(0,s.jsxs)(n.p,{children:["For query statements with a large data volume, the database server creates a cursor and distributes data to clients based on the value of the ",(0,s.jsx)(n.code,{children:"FetchSize"})," parameter. If you set this attribute to ",(0,s.jsx)(n.code,{children:"TRUE"}),", ",(0,s.jsx)(n.code,{children:"useServerPrepStms"})," is automatically set to ",(0,s.jsx)(n.code,{children:"TRUE"}),"."]}),"\n"]}),"\n",(0,s.jsxs)(n.li,{children:["\n",(0,s.jsxs)(n.p,{children:[(0,s.jsx)(n.code,{children:"useServerPrepStms"}),": specifies whether to use the prepared statement (PS) protocol to send SQL statements to the database server."]}),"\n",(0,s.jsxs)(n.p,{children:["If you set this parameter to ",(0,s.jsx)(n.code,{children:"TRUE"}),", SQL statements are executed in the following two steps in the database:"]}),"\n",(0,s.jsxs)(n.ul,{children:["\n",(0,s.jsxs)(n.li,{children:["\n",(0,s.jsxs)(n.p,{children:["Send the SQL text that contains a question mark (?) to the database server for preparation (",(0,s.jsx)(n.code,{children:"SQL_audit: request_type=5"}),")."]}),"\n"]}),"\n",(0,s.jsxs)(n.li,{children:["\n",(0,s.jsxs)(n.p,{children:["Execute the statement based on real values in the database (",(0,s.jsx)(n.code,{children:"SQL_audit: request_type=6"}),")."]}),"\n"]}),"\n"]}),"\n"]}),"\n",(0,s.jsxs)(n.li,{children:["\n",(0,s.jsxs)(n.p,{children:[(0,s.jsx)(n.code,{children:"cachePrepStmts"}),": specifies whether to enable the PS cache to cache prepared statements to avoid repeated preparation on the client side and server side. ",(0,s.jsx)(n.code,{children:"cachePrepStmts=TRUE"})," applies to scenarios where ",(0,s.jsx)(n.code,{children:"useServerPrepStms"})," is set to ",(0,s.jsx)(n.code,{children:"TRUE"})," and batch execution is performed repeatedly for the same SQL statement. Each batch execute operation involves the prepare operation and the setting of ",(0,s.jsx)(n.code,{children:"executecachePrepStmts=TRUE"}),". This avoids repeated preparations."]}),"\n"]}),"\n",(0,s.jsxs)(n.li,{children:["\n",(0,s.jsxs)(n.p,{children:[(0,s.jsx)(n.code,{children:"prepStmtCacheSQLLimit"}),": The maximum SQL length allowed for the PS cache. SQL statements with a longer length cannot be placed into the PS cache."]}),"\n"]}),"\n",(0,s.jsxs)(n.li,{children:["\n",(0,s.jsxs)(n.p,{children:[(0,s.jsx)(n.code,{children:"prepStmtCacheSize"}),": The maximum number of SQL statements that can be stored in the PS cache."]}),"\n"]}),"\n",(0,s.jsxs)(n.li,{children:["\n",(0,s.jsxs)(n.p,{children:[(0,s.jsx)(n.code,{children:"maxBatchTotalParamsNum"}),": The maximum number of parameters that an SQL statement supports for a batch operation. This parameter equals the number of questions marks (?) allowed for an SQL statement. If the number of parameters exceeds the limit, the batch SQL statement will be split."]}),"\n"]}),"\n"]}),"\n",(0,s.jsxs)(n.p,{children:["For more information about how to configure other connection pools, see ",(0,s.jsx)(n.a,{href:"https://en.oceanbase.com/docs/common-oceanbase-database-10000000001378267",children:"Database connection pool configuration"}),"."]}),"\n",(0,s.jsx)(n.h5,{id:"suggestions-on-connection-pool-settings",children:"Suggestions on connection pool settings"}),"\n",(0,s.jsxs)(n.ul,{children:["\n",(0,s.jsxs)(n.li,{children:["\n",(0,s.jsx)(n.p,{children:"You can retain a minimum of two connections for the console and adjust the configuration based on the business concurrency and transaction time."}),"\n"]}),"\n",(0,s.jsxs)(n.li,{children:["\n",(0,s.jsx)(n.p,{children:"We recommend that you set the idle connection timeout period to 30 minutes."}),"\n",(0,s.jsx)(n.p,{children:"By default, MySQL disconnects a connection that has been idle for 8 hours, which cannot be sensed by the client. This results in dirty connections. The connection pool can check whether a connection is alive through mechanisms such as heartbeats or testOnBorrow. When a connection has been idle for this period, the connection is disconnected."}),"\n"]}),"\n"]}),"\n",(0,s.jsx)(n.h3,{id:"drivers",children:"Drivers"}),"\n",(0,s.jsx)(n.p,{children:"You can connect to a MySQL tenant of OceanBase Database by using any of the following drivers:"}),"\n",(0,s.jsx)(n.h4,{id:"java-driver-mysql-connectorj",children:"Java driver (MySQL Connector/J)"}),"\n",(0,s.jsx)(n.p,{children:"MySQL Connector/J is a JDBC driver provided by MySQL."}),"\n",(0,s.jsxs)(n.p,{children:["For more information about how to connect Java applications to OceanBase Database, see ",(0,s.jsx)(n.a,{href:"https://en.oceanbase.com/docs/common-oceanbase-database-10000000001375517",children:"Build a Java application"}),"."]}),"\n",(0,s.jsx)(n.h4,{id:"c-driver-oceanbase-connectorc",children:"C driver (OceanBase Connector/C)"}),"\n",(0,s.jsx)(n.p,{children:"OceanBase Connector/C is an OBClient development component based on C/C++. OceanBase Connector/C supports C API libraries."}),"\n",(0,s.jsx)(n.p,{children:"OceanBase Connector/C allows C/C++ applications to access distributed OceanBase clusters from the underlying layer. Then, the applications can perform operations such as database connection, data access, error processing, and prepared statement processing."}),"\n",(0,s.jsxs)(n.p,{children:["OceanBase Connector/C is also called LibOBClient. By using OceanBase Connector/C, an application can act as an independent server process to communicate with OBServer nodes over network connections. A client application references the C API header file during compilation and can link to the C API library file. The ",(0,s.jsx)(n.code,{children:".so"})," file generated by LibOBClient is ",(0,s.jsx)(n.code,{children:"libobclient.so"}),", which corresponds to the ",(0,s.jsx)(n.code,{children:"libmysqlclient.so"})," file in MySQL. OceanBase Database uses OBClient as its CLI tool, which corresponds to the CLI tool in MySQL."]}),"\n",(0,s.jsxs)(n.p,{children:["For more information about how to connect C applications to OceanBase Database, see ",(0,s.jsx)(n.a,{href:"https://en.oceanbase.com/docs/common-oceanbase-database-10000000001375518",children:"Build a C application"}),"."]}),"\n",(0,s.jsx)(n.h4,{id:"python-driver-pymysql",children:"Python driver (PyMySQL)"}),"\n",(0,s.jsx)(n.p,{children:"If you use Python 3.x, you can connect to a MySQL database server by using PyMySQL. PyMySQL follows the Python Database API Specification 2.0 and contains a pure-Python MySQL client library. In MySQL mode of OceanBase Database, you can use PyMySQL to connect Python applications to OceanBase Database."}),"\n",(0,s.jsxs)(n.p,{children:["For more information about how to connect Python applications to OceanBase Database, see ",(0,s.jsx)(n.a,{href:"https://en.oceanbase.com/docs/common-oceanbase-database-10000000001375519",children:"Build a Python application"}),"."]}),"\n",(0,s.jsx)(n.h4,{id:"go-driver-go-sql-driver",children:"Go driver (Go-SQL-Driver)"}),"\n",(0,s.jsxs)(n.p,{children:["Go-SQL-Driver is a MySQL database driver in the Go language that implements Go's ",(0,s.jsx)(n.code,{children:"database/sql/driver"})," interface. You can operate MySQL tenants of OceanBase Database from your Go applications by using APIs of the ",(0,s.jsx)(n.code,{children:"database/sql"})," package."]}),"\n",(0,s.jsxs)(n.p,{children:["For more information about how to connect Go applications to OceanBase Database, see ",(0,s.jsx)(n.a,{href:"https://en.oceanbase.com/docs/common-oceanbase-database-10000000001375516",children:"Build a Go application"}),"."]}),"\n",(0,s.jsx)(n.h3,{id:"orm-frameworks",children:"ORM frameworks"}),"\n",(0,s.jsx)(n.p,{children:'Object Relational Mapping (ORM) is a programming technique that converts data between different types of systems by using object-oriented programming languages. In effect, ORM creates a "virtual object database" that can be used within programming languages.'}),"\n",(0,s.jsx)(n.p,{children:"For more information about how to connect to a MySQL tenant of OceanBase Database by using a supported ORM framework, see the following topics in the Java section in OceanBase Database Documentation:"}),"\n",(0,s.jsxs)(n.ul,{children:["\n",(0,s.jsxs)(n.li,{children:["\n",(0,s.jsx)(n.p,{children:(0,s.jsx)(n.a,{href:"https://en.oceanbase.com/docs/common-oceanbase-database-10000000001378239",children:"Connect to OceanBase Database by using Spring Boot"})}),"\n"]}),"\n",(0,s.jsxs)(n.li,{children:["\n",(0,s.jsx)(n.p,{children:(0,s.jsx)(n.a,{href:"https://en.oceanbase.com/docs/common-oceanbase-database-10000000001378242",children:"Connect to OceanBase Database by using Spring Batch"})}),"\n"]}),"\n",(0,s.jsxs)(n.li,{children:["\n",(0,s.jsx)(n.p,{children:(0,s.jsx)(n.a,{href:"https://en.oceanbase.com/docs/common-oceanbase-database-10000000001378238",children:"Connect to OceanBase Database by using Spring Data JDBC"})}),"\n"]}),"\n",(0,s.jsxs)(n.li,{children:["\n",(0,s.jsx)(n.p,{children:(0,s.jsx)(n.a,{href:"https://en.oceanbase.com/docs/common-oceanbase-database-10000000001378240",children:"Connect to OceanBase Database by using Spring Data JPA"})}),"\n"]}),"\n",(0,s.jsxs)(n.li,{children:["\n",(0,s.jsx)(n.p,{children:(0,s.jsx)(n.a,{href:"https://en.oceanbase.com/docs/common-oceanbase-database-10000000001378244",children:"Connect to OceanBase Database by using Hibernate"})}),"\n"]}),"\n",(0,s.jsxs)(n.li,{children:["\n",(0,s.jsx)(n.p,{children:(0,s.jsx)(n.a,{href:"https://en.oceanbase.com/docs/common-oceanbase-database-10000000001378241",children:"Connect to OceanBase Database by using MyBatis"})}),"\n"]}),"\n"]}),"\n",(0,s.jsx)(n.h2,{id:"database-operations",children:"Database operations"}),"\n",(0,s.jsx)(n.p,{children:"Database operations are various actions you perform on the data in a database, such as adding, modifying, querying, and deleting data. The following section describes operations you may often perform in OceanBase Database. For example, you can manage database objects, read/write data, and manage transactions."}),"\n",(0,s.jsx)(n.h3,{id:"manage-database-objects",children:"Manage database objects"}),"\n",(0,s.jsx)(n.p,{children:"Database objects are components of a database that can be manipulated and used in the database by executing SQL statements. This section describes the types and storage methods of database object supported by OceanBase Database in MySQL mode, and the dependencies between database objects."}),"\n",(0,s.jsx)(n.p,{children:"Database objects of OceanBase Database in MySQL mode include tables, views, indexes, partitions, sequences, triggers, and stored procedures."}),"\n",(0,s.jsx)(n.h4,{id:"manage-users",children:"Manage users"}),"\n",(0,s.jsxs)(n.p,{children:["OceanBase Database users are classified into two categories: users in the sys tenant and users in a user tenant. The built-in system administrator of the sys tenant is the ",(0,s.jsx)(n.code,{children:"root user"}),". The built-in tenant administrator of a MySQL tenant is the ",(0,s.jsx)(n.code,{children:"root"})," user. When you create a user, if the current session is in the sys tenant, the created user belongs to the sys tenant. Otherwise, the user belongs to a user tenant. Users created by the administrator of the sys tenant or a user tenant can log on only to the current tenant. Users in a tenant must have unique usernames. However, users in different tenants can have the same usernames. Therefore, a user is globally identified by a username and a tenant name in the ",(0,s.jsx)(n.strong,{children:"username@tenant name"})," format."]}),"\n",(0,s.jsx)(n.h5,{id:"prerequisites-5",children:"Prerequisites"}),"\n",(0,s.jsxs)(n.p,{children:["You may need to create users and grant them privileges in OceanBase Database as needed. To create a user, you must have the ",(0,s.jsx)(n.code,{children:"CREATE USER"})," privilege. By default, you can log on to a business tenant as its root user to create business users in the tenant."]}),"\n",(0,s.jsxs)(n.p,{children:["By default, only cluster and tenant administrators have the ",(0,s.jsx)(n.code,{children:"CREATE USER"})," privilege. Other users can create a user only after they are granted the ",(0,s.jsx)(n.code,{children:"CREATE USER"})," privilege. For more information, see ",(0,s.jsx)(n.a,{href:"https://en.oceanbase.com/docs/common-oceanbase-database-10000000001378997",children:"Grant direct privileges"}),"."]}),"\n",(0,s.jsx)(n.h5,{id:"naming-rules-for-usernames",children:"Naming rules for usernames"}),"\n",(0,s.jsx)(n.p,{children:"When you specify a name for a user, take note of the following rules:"}),"\n",(0,s.jsx)(n.p,{children:"Rule 1: Ensure the uniqueness of usernames in a tenant."}),"\n",(0,s.jsxs)(n.ul,{children:["\n",(0,s.jsxs)(n.li,{children:["\n",(0,s.jsxs)(n.p,{children:["Users in the same tenant must have unique names. However, users in different tenants can have the same name. A user is globally identified by a username and a tenant name in the ",(0,s.jsx)(n.strong,{children:"username@tenant name"})," format."]}),"\n"]}),"\n",(0,s.jsxs)(n.li,{children:["\n",(0,s.jsx)(n.p,{children:"The sys tenant uses the MySQL mode. To distinguish users in the sys tenant from those in a user tenant in MySQL mode, we recommend that you use a specific prefix for the usernames of users in the sys tenant."}),"\n"]}),"\n"]}),"\n",(0,s.jsx)(n.p,{children:"Rule 2: Observe the following naming conventions:"}),"\n",(0,s.jsxs)(n.ul,{children:["\n",(0,s.jsxs)(n.li,{children:["\n",(0,s.jsx)(n.p,{children:"When you create a user by using an OBClient or ODC, the username cannot exceed 64 bytes in length."}),"\n"]}),"\n",(0,s.jsxs)(n.li,{children:["\n",(0,s.jsx)(n.p,{children:"When you create a user in the OceanBase Cloud Platform (OCP) console, the username must be 2 to 64 characters in length and start with a letter, and can contain letters, digits, and underscores (_)."}),"\n"]}),"\n"]}),"\n",(0,s.jsx)(n.h5,{id:"create-a-user",children:"Create a user"}),"\n",(0,s.jsx)(n.p,{children:"A user can be created by using either of the following statements:"}),"\n",(0,s.jsxs)(n.ul,{children:["\n",(0,s.jsxs)(n.li,{children:["\n",(0,s.jsxs)(n.p,{children:[(0,s.jsx)(n.code,{children:"CREATE USER"}),"."]}),"\n"]}),"\n",(0,s.jsxs)(n.li,{children:["\n",(0,s.jsxs)(n.p,{children:[(0,s.jsx)(n.code,{children:"GRANT"}),"."]}),"\n"]}),"\n"]}),"\n",(0,s.jsx)(n.p,{children:"Here is an example:"}),"\n",(0,s.jsx)(n.pre,{children:(0,s.jsx)(n.code,{className:"language-sql",children:"MySQL [oceanbase]> create user user01 identified by 'zf******MG';\nQuery OK, 0 rows affected (0.024 sec)\n\nMySQL [oceanbase]> grant all privileges on test.* to user01 ;\nQuery OK, 0 rows affected (0.013 sec)\n\nMySQL [oceanbase]> grant all privileges on test.* to user02 identified by 'dQ******M8';\nQuery OK, 0 rows affected (0.028 sec)\n"})}),"\n",(0,s.jsx)(n.p,{children:"You cannot update the password field in the user metadata of a MySQL tenant of OceanBase Database."}),"\n",(0,s.jsxs)(n.p,{children:["You can use the ",(0,s.jsx)(n.code,{children:"SHOW GRANTS"})," statement to view the privileges of a user."]}),"\n",(0,s.jsx)(n.p,{children:"Here is an example:"}),"\n",(0,s.jsx)(n.pre,{children:(0,s.jsx)(n.code,{className:"language-sql",children:"MySQL [oceanbase]> show grants for user01;\n+----------------------------------------------+\n| Grants for user01@%                          |\n+----------------------------------------------+\n| GRANT USAGE ON *.* TO 'user01'               |\n| GRANT ALL PRIVILEGES ON `test`.* TO 'user01' |\n+----------------------------------------------+\n2 rows in set (0.001 sec)\n\nMySQL [oceanbase]> show grants for user02;\n+----------------------------------------------+\n| Grants for user02@%                          |\n+----------------------------------------------+\n| GRANT USAGE ON *.* TO 'user02'               |\n| GRANT ALL PRIVILEGES ON `test`.* TO 'user02' |\n+----------------------------------------------+\n2 rows in set (0.001 sec)\n"})}),"\n",(0,s.jsxs)(n.p,{children:["For more information about user management, see ",(0,s.jsx)(n.a,{href:"https://en.oceanbase.com/docs/common-oceanbase-database-10000000001378995",children:"MySQL mode"}),"."]}),"\n",(0,s.jsx)(n.h4,{id:"manage-databases",children:"Manage databases"}),"\n",(0,s.jsxs)(n.p,{children:["In OceanBase Database, a database contains tables, indexes, and metadata of database objects. Do not use a default database, for example, the ",(0,s.jsx)(n.code,{children:"test"})," database, in your production environment. We recommend that you create your own databases by using SQL statements."]}),"\n",(0,s.jsx)(n.h5,{id:"prerequisites-6",children:"Prerequisites"}),"\n",(0,s.jsx)(n.p,{children:"Before you manage a database, make sure that the following conditions are met:"}),"\n",(0,s.jsxs)(n.ul,{children:["\n",(0,s.jsxs)(n.li,{children:["\n",(0,s.jsx)(n.p,{children:"You have deployed an OceanBase cluster and created a MySQL tenant."}),"\n"]}),"\n",(0,s.jsxs)(n.li,{children:["\n",(0,s.jsx)(n.p,{children:"You have connected to the MySQL tenant of OceanBase Database."}),"\n"]}),"\n",(0,s.jsxs)(n.li,{children:["\n",(0,s.jsxs)(n.p,{children:["You have the ",(0,s.jsx)(n.code,{children:"CREATE"}),", ",(0,s.jsx)(n.code,{children:"ALTER"}),", and ",(0,s.jsx)(n.code,{children:"DROP"})," privileges."]}),"\n"]}),"\n"]}),"\n",(0,s.jsx)(n.h5,{id:"limitations",children:"Limitations"}),"\n",(0,s.jsxs)(n.ul,{children:["\n",(0,s.jsxs)(n.li,{children:["\n",(0,s.jsx)(n.p,{children:"In OceanBase Database, the name of each database must be globally unique."}),"\n"]}),"\n",(0,s.jsxs)(n.li,{children:["\n",(0,s.jsx)(n.p,{children:"A database name cannot exceed 128 characters in length."}),"\n"]}),"\n",(0,s.jsxs)(n.li,{children:["\n",(0,s.jsx)(n.p,{children:"A database name can contain only uppercase and lowercase letters, digits, underscores (_), and dollar signs ($)."}),"\n"]}),"\n",(0,s.jsxs)(n.li,{children:["\n",(0,s.jsxs)(n.p,{children:["A database name cannot contain reserved keywords. For more information about the reserved keywords in MySQL mode of OceanBase Database, see ",(0,s.jsx)(n.a,{href:"https://en.oceanbase.com/docs/common-oceanbase-database-10000000001375357",children:"Reserved keywords (MySQL mode)"}),"."]}),"\n"]}),"\n"]}),"\n",(0,s.jsx)(n.h5,{id:"suggestions-on-database-creation",children:"Suggestions on database creation"}),"\n",(0,s.jsxs)(n.ul,{children:["\n",(0,s.jsxs)(n.li,{children:["\n",(0,s.jsxs)(n.p,{children:["We recommend that you give a database a meaningful name that reflects its purpose and content. For example, you can name a database in the ",(0,s.jsx)(n.code,{children:"application ID_sub-application name (optional)_db "})," format."]}),"\n"]}),"\n",(0,s.jsxs)(n.li,{children:["\n",(0,s.jsxs)(n.p,{children:["We recommend that you create a database and related users as the ",(0,s.jsx)(n.code,{children:"root"})," user and grant only required privileges to ensure the security and controllability of the database."]}),"\n"]}),"\n",(0,s.jsxs)(n.li,{children:["\n",(0,s.jsxs)(n.p,{children:["When you create a database, specify an appropriate default character set and collation to ensure proper storage and sorting of data. To adapt to long-term development of your business, we recommend that you use the ",(0,s.jsx)(n.code,{children:"utf8mb4"})," character set to ensure storage of the majority of characters."]}),"\n"]}),"\n",(0,s.jsxs)(n.li,{children:["\n",(0,s.jsxs)(n.p,{children:["Database names that contain only digits must be enclosed by backticks (",(0,s.jsx)(n.code,{children:"). However, we recommend that you do not use such database names because they are meaningless and the backticks ("}),") can increase complexity and cause confusion in queries."]}),"\n"]}),"\n"]}),"\n",(0,s.jsx)(n.h5,{id:"sample-statements",children:"Sample statements"}),"\n",(0,s.jsxs)(n.p,{children:["Example 1: Create a database named ",(0,s.jsx)(n.code,{children:"test_db"})," and specify to use the ",(0,s.jsx)(n.code,{children:"utf8mb4"})," character set."]}),"\n",(0,s.jsx)(n.pre,{children:(0,s.jsx)(n.code,{className:"language-sql",children:"obclient [(none)]> CREATE DATABASE test_db DEFAULT CHARACTER SET utf8mb4;\n"})}),"\n",(0,s.jsxs)(n.p,{children:["Example 2: Create a read-only database named ",(0,s.jsx)(n.code,{children:"test_ro_db"}),"."]}),"\n",(0,s.jsx)(n.pre,{children:(0,s.jsx)(n.code,{className:"language-sql",children:"obclient [(none)]> CREATE DATABASE test_ro_db READ ONLY;\n"})}),"\n",(0,s.jsxs)(n.p,{children:["Example 3\uff1a Create a database named ",(0,s.jsx)(n.code,{children:"test_rw_db"})," that supports read and write operations."]}),"\n",(0,s.jsx)(n.pre,{children:(0,s.jsx)(n.code,{className:"language-sql",children:"obclient [(none)]> CREATE DATABASE test_rw_db READ WRITE;\n"})}),"\n",(0,s.jsxs)(n.p,{children:["For more information about statements for database management, see ",(0,s.jsx)(n.a,{href:"https://en.oceanbase.com/docs/common-oceanbase-database-10000000001375993",children:"Plan database objects"}),"."]}),"\n",(0,s.jsx)(n.h4,{id:"manage-tables",children:"Manage tables"}),"\n",(0,s.jsx)(n.p,{children:"Tables are the most basic data storage units in OceanBase Database. A table contains specific data that a user can access. A table consists of rows, and a row consists of columns."}),"\n",(0,s.jsx)(n.h5,{id:"table-types",children:"Table types"}),"\n",(0,s.jsx)(n.p,{children:"OceanBase Database supports tables with and without a primary key."}),"\n",(0,s.jsxs)(n.ul,{children:["\n",(0,s.jsxs)(n.li,{children:["\n",(0,s.jsx)(n.p,{children:"Tables with a primary key: In OceanBase Database, tables with a primary key must meet the following criteria:"}),"\n",(0,s.jsxs)(n.ul,{children:["\n",(0,s.jsxs)(n.li,{children:["\n",(0,s.jsx)(n.p,{children:"Each table can have at most one primary key column group."}),"\n"]}),"\n",(0,s.jsxs)(n.li,{children:["\n",(0,s.jsx)(n.p,{children:"A primary key can contain at most 64 columns, and the total length of primary key data cannot exceed 16 KB."}),"\n"]}),"\n"]}),"\n",(0,s.jsx)(n.p,{children:"When a table with a primary key is created, a globally unique index is created for the primary key columns to quickly locate rows through the primary key."}),"\n",(0,s.jsxs)(n.p,{children:["In the following example, a table named ",(0,s.jsx)(n.code,{children:"emp_table"})," is created, with the ",(0,s.jsx)(n.code,{children:"emp_id"})," column as its primary key."]}),"\n",(0,s.jsx)(n.pre,{children:(0,s.jsx)(n.code,{className:"language-sql",children:"CREATE TABLE emp_table (   \n  emp_id INT PRIMARY KEY,   \n  emp_name VARCHAR(100),   \n  emp_age INT NOT NULL \n);\n"})}),"\n"]}),"\n",(0,s.jsxs)(n.li,{children:["\n",(0,s.jsx)(n.p,{children:"Tables without a primary key: A table with no primary key specified is a table without a primary key."}),"\n",(0,s.jsxs)(n.p,{children:["In the following example, a table named ",(0,s.jsx)(n.code,{children:"student_table"})," is created with no primary key."]}),"\n",(0,s.jsx)(n.pre,{children:(0,s.jsx)(n.code,{className:"language-sql",children:"CREATE TABLE student_table (   \n  student_id INT NOT NULL,   \n  student_name VARCHAR(100),   \n  student_age INT NOT NULL \n);\n"})}),"\n",(0,s.jsx)(n.p,{children:"In OceanBase Database, a table without a primary key uses a partition-level auto-increment column as its hidden primary key."}),"\n"]}),"\n"]}),"\n",(0,s.jsx)(n.h5,{id:"limitations-1",children:"Limitations"}),"\n",(0,s.jsxs)(n.ul,{children:["\n",(0,s.jsxs)(n.li,{children:["\n",(0,s.jsx)(n.p,{children:"The table name cannot exceed 64 characters in length."}),"\n"]}),"\n",(0,s.jsxs)(n.li,{children:["\n",(0,s.jsx)(n.p,{children:"The length of a table row cannot exceed 1.5 MB."}),"\n"]}),"\n",(0,s.jsxs)(n.li,{children:["\n",(0,s.jsx)(n.p,{children:"A table can contain a maximum of 4,096 columns."}),"\n"]}),"\n",(0,s.jsxs)(n.li,{children:["\n",(0,s.jsx)(n.p,{children:"A table can have a maximum of 128 indexes."}),"\n"]}),"\n",(0,s.jsxs)(n.li,{children:["\n",(0,s.jsx)(n.p,{children:"A primary key can contain at most 64 columns, and the total length of primary key data cannot exceed 16 KB."}),"\n"]}),"\n",(0,s.jsxs)(n.li,{children:["\n",(0,s.jsxs)(n.p,{children:["The maximum number of partitions in a single table is specified by the tenant-level parameter ",(0,s.jsx)(n.code,{children:"max_partition_num"}),", which has been introduced since V4.2.1_CE_BP3. The default value is ",(0,s.jsx)(n.code,{children:"8192"})," and the maximum value is ",(0,s.jsx)(n.code,{children:"65536"}),"."]}),"\n"]}),"\n"]}),"\n",(0,s.jsxs)(n.p,{children:["For more information about limitations on table creation, see ",(0,s.jsx)(n.a,{href:"https://en.oceanbase.com/docs/common-oceanbase-database-10000000001375342",children:"Limitations"}),"."]}),"\n",(0,s.jsx)(n.h5,{id:"suggestions-on-table-creation",children:"Suggestions on table creation"}),"\n",(0,s.jsxs)(n.ul,{children:["\n",(0,s.jsxs)(n.li,{children:["\n",(0,s.jsx)(n.p,{children:"Use either all uppercase letters or all lowercase letters for table names. Do not use a combination of uppercase and lowercase letters."}),"\n"]}),"\n",(0,s.jsxs)(n.li,{children:["\n",(0,s.jsx)(n.p,{children:'Use table names that well represent the data content, for example, "TEST".'}),"\n"]}),"\n",(0,s.jsxs)(n.li,{children:["\n",(0,s.jsx)(n.p,{children:"Do not use reserved words or keywords as the table name."}),"\n"]}),"\n",(0,s.jsxs)(n.li,{children:["\n",(0,s.jsxs)(n.p,{children:["For an intermediate table that stores intermediate result sets, follow the table naming format of ",(0,s.jsx)(n.code,{children:"tmp_table name (or abbreviation)_column name(or abbreviation)_creation time"}),", for example, ",(0,s.jsx)(n.code,{children:"tmp_account_tbluser_20220224"}),"."]}),"\n"]}),"\n",(0,s.jsxs)(n.li,{children:["\n",(0,s.jsxs)(n.p,{children:["For a backup table that stores backups or snapshots of a source table, follow the table naming format of ",(0,s.jsx)(n.code,{children:"bak_table name (or abbreviation)_column name (or abbreviation)_creation time"}),", for example, ",(0,s.jsx)(n.code,{children:"bak_ account_tbluser_20220224"}),"."]}),"\n"]}),"\n"]}),"\n",(0,s.jsxs)(n.p,{children:["For more information about table naming conventions, see ",(0,s.jsx)(n.a,{href:"https://en.oceanbase.com/docs/common-oceanbase-database-10000000001375691",children:"Table naming conventions"}),"."]}),"\n",(0,s.jsx)(n.h5,{id:"sample-statements-1",children:"Sample statements"}),"\n",(0,s.jsx)(n.p,{children:"Here is an example:"}),"\n",(0,s.jsx)(n.pre,{children:(0,s.jsx)(n.code,{className:"language-sql",children:"create table ware(w_id int\n, w_ytd decimal(12,2)\n, w_tax decimal(4,4)\n, w_name varchar(10)\n, w_street_1 varchar(20)\n, w_street_2 varchar(20)\n, w_city varchar(20)\n, w_state char(2)\n, w_zip char(9)\n, unique(w_name, w_city)\n, primary key(w_id)\n);\n\ncreate table cust (c_w_id int NOT NULL\n, c_d_id int NOT null\n, c_id int NOT null\n, c_discount decimal(4, 4)\n, c_credit char(2)\n, c_last varchar(16)\n, c_first varchar(16)\n, c_middle char(2)\n, c_balance decimal(12, 2)\n, c_ytd_payment decimal(12, 2)\n, c_payment_cnt int\n, c_credit_lim decimal(12, 2)\n, c_street_1 varchar(20)\n, c_street_2 varchar(20)\n, c_city varchar(20)\n, c_state char(2)\n, c_zip char(9)\n, c_phone char(16)\n, c_since date\n, c_delivery_cnt int\n, c_data varchar(500)\n, index icust(c_last, c_d_id, c_w_id, c_first, c_id)\n, FOREIGN KEY (c_w_id) REFERENCES ware(w_id)\n, primary key (c_w_id, c_d_id, c_id)\n);\n"})}),"\n",(0,s.jsx)(n.p,{children:"Foreign keys are supported in MySQL tenants of OceanBase Database. In a distributed database, we recommend that you do not use foreign key constraints at the database level in high-concurrency read/write scenarios. Foreign keys will increase the probability of unnecessary blocking and deadlocks and may affect the performance."}),"\n",(0,s.jsxs)(n.p,{children:["Use the ",(0,s.jsx)(n.code,{children:"like"})," statement to copy the schema of a table. The primary keys, unique keys, and index names in the schema are all copied. In the syntax of MySQL, the primary key names, UNIQUE constraints, and index names must be unique in the same table and can be duplicate in different tables."]}),"\n",(0,s.jsx)(n.pre,{children:(0,s.jsx)(n.code,{className:"language-sql",children:"create table t1 like ware;\n\nMySQL [test]> show create table t1\\G\n*************************** 1. row ***************************\nTable: t1\nCreate Table: CREATE TABLE `t1` (\n`w_id` int(11) NOT NULL,\n`w_ytd` decimal(12,2) DEFAULT NULL,\n`w_tax` decimal(4,4) DEFAULT NULL,\n`w_name` varchar(10) DEFAULT NULL,\n`w_street_1` varchar(20) DEFAULT NULL,\n`w_street_2` varchar(20) DEFAULT NULL,\n`w_city` varchar(20) DEFAULT NULL,\n`w_state` char(2) DEFAULT NULL,\n`w_zip` char(9) DEFAULT NULL,\nPRIMARY KEY (`w_id`),\nUNIQUE KEY `w_name` (`w_name`, `w_city`) BLOCK_SIZE 16384 GLOBAL\n) DEFAULT CHARSET = utf8mb4 ROW_FORMAT = COMPACT COMPRESSION = 'zstd_1.3.8' REPLICA_NUM = 1 BLOCK_SIZE = 16384 USE_BLOOM_FILTER = FALSE TABLET_SIZE = 134217728 PCTFREE = 0\n1 row in set (0.003 sec)\n"})}),"\n",(0,s.jsxs)(n.p,{children:["Use the ",(0,s.jsx)(n.code,{children:"create table ... as select"})," statement to copy the schema and data of a table. Note that this statement copies only the basic data types of a table, and does not copy the primary keys, UNIQUE constraints, or indexes."]}),"\n",(0,s.jsx)(n.pre,{children:(0,s.jsx)(n.code,{className:"language-sql",children:"create table t2 as select * from ware;\n\nMySQL [test]> show create table t2\\G\n*************************** 1. row ***************************\nTable: t2\nCreate Table: CREATE TABLE `t2` (\n`w_id` int(11) NOT NULL,\n`w_ytd` decimal(12,2) DEFAULT NULL,\n`w_tax` decimal(4,4) DEFAULT NULL,\n`w_name` varchar(10) DEFAULT NULL,\n`w_street_1` varchar(20) DEFAULT NULL,\n`w_street_2` varchar(20) DEFAULT NULL,\n`w_city` varchar(20) DEFAULT NULL,\n`w_state` char(2) DEFAULT NULL,\n`w_zip` char(9) DEFAULT NULL\n) DEFAULT CHARSET = utf8mb4 ROW_FORMAT = COMPACT COMPRESSION = 'zstd_1.3.8' REPLICA_NUM = 1 BLOCK_SIZE = 16384 USE_BLOOM_FILTER = FALSE TABLET_SIZE = 134217728 PCTFREE = 0\n1 row in set (0.002 sec)\n"})}),"\n",(0,s.jsxs)(n.p,{children:["For more information about statements for table management, see ",(0,s.jsx)(n.a,{href:"https://en.oceanbase.com/docs/common-oceanbase-database-10000000001377915",children:"Create and manage tables"}),"."]}),"\n",(0,s.jsx)(n.h4,{id:"manage-indexes",children:"Manage indexes"}),"\n",(0,s.jsx)(n.p,{children:"An index, also known as a secondary index, is an optional structure. OceanBase Database uses the clustered index table model. The system automatically generates a primary key index for the specified primary key, and other indexes that you create are secondary indexes. You can determine the fields on which indexes are to be created based on business needs to speed up queries on these fields."}),"\n",(0,s.jsxs)(n.p,{children:["For more information about indexes, see ",(0,s.jsx)(n.a,{href:"https://en.oceanbase.com/docs/common-oceanbase-database-10000000001378812",children:"Indexes"}),"."]}),"\n",(0,s.jsx)(n.h5,{id:"prerequisites-7",children:"Prerequisites"}),"\n",(0,s.jsx)(n.p,{children:"Before you create an index, make sure that the following conditions are met:"}),"\n",(0,s.jsxs)(n.ul,{children:["\n",(0,s.jsxs)(n.li,{children:["\n",(0,s.jsx)(n.p,{children:"You have deployed an OceanBase cluster and created a MySQL tenant and user."}),"\n"]}),"\n",(0,s.jsxs)(n.li,{children:["\n",(0,s.jsx)(n.p,{children:"You have connected to the MySQL tenant of OceanBase Database."}),"\n"]}),"\n",(0,s.jsxs)(n.li,{children:["\n",(0,s.jsx)(n.p,{children:"You have created a database table."}),"\n"]}),"\n",(0,s.jsxs)(n.li,{children:["\n",(0,s.jsxs)(n.p,{children:["You have the ",(0,s.jsx)(n.code,{children:"INDEX"})," privilege."]}),"\n"]}),"\n"]}),"\n",(0,s.jsx)(n.h5,{id:"limitations-2",children:"Limitations"}),"\n",(0,s.jsxs)(n.ul,{children:["\n",(0,s.jsxs)(n.li,{children:["\n",(0,s.jsx)(n.p,{children:"In OceanBase Database, an index name must be unique in a table."}),"\n"]}),"\n",(0,s.jsxs)(n.li,{children:["\n",(0,s.jsx)(n.p,{children:"The index name cannot exceed 64 bytes in length."}),"\n"]}),"\n",(0,s.jsxs)(n.li,{children:["\n",(0,s.jsx)(n.p,{children:"Take note of the following limitations on unique indexes:"}),"\n",(0,s.jsxs)(n.ul,{children:["\n",(0,s.jsxs)(n.li,{children:["\n",(0,s.jsx)(n.p,{children:"You can create multiple unique indexes that have unique column values on a table."}),"\n"]}),"\n",(0,s.jsxs)(n.li,{children:["\n",(0,s.jsx)(n.p,{children:"If you want to ensure global uniqueness for other column combinations besides a primary key, you can create a global unique index."}),"\n"]}),"\n",(0,s.jsxs)(n.li,{children:["\n",(0,s.jsx)(n.p,{children:"A local unique index must contain all columns in the partitioning key of the table."}),"\n"]}),"\n"]}),"\n"]}),"\n",(0,s.jsxs)(n.li,{children:["\n",(0,s.jsx)(n.p,{children:"The partitioning rules of a global index are not necessarily the same as those of the table."}),"\n"]}),"\n"]}),"\n",(0,s.jsx)(n.h5,{id:"suggestions-on-index-creation",children:"Suggestions on index creation"}),"\n",(0,s.jsxs)(n.ul,{children:["\n",(0,s.jsxs)(n.li,{children:["\n",(0,s.jsxs)(n.p,{children:["We recommend that you use a name that succinctly describes the columns covered by the index and its purpose, for example, ",(0,s.jsx)(n.code,{children:"idx_customer_name"}),"."]}),"\n"]}),"\n",(0,s.jsxs)(n.li,{children:["\n",(0,s.jsx)(n.p,{children:"If a global index has the same partitioning rules and the same number of partitions as the table, we recommend that you change the global index to a local index in this case."}),"\n"]}),"\n",(0,s.jsxs)(n.li,{children:["\n",(0,s.jsx)(n.p,{children:"We recommend that the number of parallel SQL statements that you issue to create indexes do not exceed the maximum number of CPU cores specified for the unit config of the tenant. For example, if the unit config of a tenant has 4 CPU cores, we recommend that you create no more than 4 indexes concurrently."}),"\n"]}),"\n",(0,s.jsxs)(n.li,{children:["\n",(0,s.jsx)(n.p,{children:"Create indexes on fields that are frequently used for queries, but do not create excess indexes on tables that are frequently updated."}),"\n"]}),"\n",(0,s.jsxs)(n.li,{children:["\n",(0,s.jsx)(n.p,{children:"Do not create indexes on tables with a small amount of data. For a table with a small data amount, it may take a shorter time to query all the data than to traverse the indexes. In this case, indexes cannot produce optimization effects."}),"\n"]}),"\n",(0,s.jsxs)(n.li,{children:["\n",(0,s.jsx)(n.p,{children:"If create, read, update and delete (CRUD) operations on the table are far more than query operations, do not create indexes."}),"\n"]}),"\n",(0,s.jsxs)(n.li,{children:["\n",(0,s.jsx)(n.p,{children:"Create efficient indexes:"}),"\n",(0,s.jsxs)(n.ul,{children:["\n",(0,s.jsxs)(n.li,{children:["\n",(0,s.jsx)(n.p,{children:"Include all necessary columns required for queries. The more relevant columns included in the index, the better it can minimize the number of rows returned."}),"\n"]}),"\n",(0,s.jsxs)(n.li,{children:["\n",(0,s.jsx)(n.p,{children:"Indexes of equivalent conditions should always be placed in the front of the index table."}),"\n"]}),"\n",(0,s.jsxs)(n.li,{children:["\n",(0,s.jsx)(n.p,{children:"Indexes for filtering and sorting large amounts of data should be placed in the front of the index table."}),"\n"]}),"\n"]}),"\n"]}),"\n"]}),"\n",(0,s.jsx)(n.h5,{id:"sample-statements-2",children:"Sample statements"}),"\n",(0,s.jsxs)(n.p,{children:["Example: Execute the following SQL statements to create a table named ",(0,s.jsx)(n.code,{children:"tbl2"})," and create an index on the ",(0,s.jsx)(n.code,{children:"col2"})," column in the ",(0,s.jsx)(n.code,{children:"tbl2"})," table."]}),"\n",(0,s.jsxs)(n.ol,{children:["\n",(0,s.jsxs)(n.li,{children:["\n",(0,s.jsxs)(n.p,{children:["Create a table named ",(0,s.jsx)(n.code,{children:"tbl2"}),"."]}),"\n",(0,s.jsx)(n.pre,{children:(0,s.jsx)(n.code,{className:"language-sql",children:"obclient [test]> CREATE TABLE tbl2(col1 INT, col2 INT, col3 VARCHAR(50), PRIMARY KEY (col1));\n"})}),"\n"]}),"\n",(0,s.jsxs)(n.li,{children:["\n",(0,s.jsxs)(n.p,{children:["Create an index named ",(0,s.jsx)(n.code,{children:"idx_tbl2_col2"})," on the ",(0,s.jsx)(n.code,{children:"col2"})," column in the ",(0,s.jsx)(n.code,{children:"tbl2"})," table."]}),"\n",(0,s.jsx)(n.pre,{children:(0,s.jsx)(n.code,{className:"language-sql",children:"obclient [test]> CREATE INDEX idx_tbl2_col2 ON tbl2(col2);\n"})}),"\n"]}),"\n",(0,s.jsxs)(n.li,{children:["\n",(0,s.jsxs)(n.p,{children:["Query indexes of the ",(0,s.jsx)(n.code,{children:"tbl2"})," table."]}),"\n",(0,s.jsx)(n.pre,{children:(0,s.jsx)(n.code,{className:"language-sql",children:"obclient [test]> SHOW INDEX FROM tbl2;\n"})}),"\n",(0,s.jsx)(n.p,{children:"The return result is as follows:"}),"\n",(0,s.jsx)(n.pre,{children:(0,s.jsx)(n.code,{className:"language-shell",children:"+-------+------------+---------------+--------------+-------------+-----------+-------------+----------+--------+------+------------+-----------+---------------+---------+------------+\n| Table | Non_unique | Key_name      | Seq_in_index | Column_name | Collation | Cardinality | Sub_part | Packed | Null | Index_type | Comment   | Index_comment | Visible | Expression |\n+-------+------------+---------------+--------------+-------------+-----------+-------------+----------+--------+------+------------+-----------+---------------+---------+------------+\n| tbl2  |          0 | PRIMARY       |            1 | col1        | A         |        NULL | NULL     | NULL   |      | BTREE      | available |               | YES     | NULL       |\n| tbl2  |          1 | idx_tbl2_col2 |            1 | col2        | A         |        NULL | NULL     | NULL   | YES  | BTREE      | available |               | YES     | NULL       |\n+-------+------------+---------------+--------------+-------------+-----------+-------------+----------+--------+------+------------+-----------+---------------+---------+------------+\n2 rows in set\n"})}),"\n"]}),"\n"]}),"\n",(0,s.jsxs)(n.p,{children:["For more information about statements for index management, see ",(0,s.jsx)(n.a,{href:"https://en.oceanbase.com/docs/common-oceanbase-database-10000000001377889",children:"Create and manage indexes"}),"."]}),"\n",(0,s.jsx)(n.h4,{id:"subprograms",children:"Subprograms"}),"\n",(0,s.jsx)(n.p,{children:"A subprogram is a procedural language (PL) unit that contains a collection of SQL statements and PL statements. You can use a subprogram to resolve specific issues or execute a group of related tasks. A subprogram can contain parameters, and callers pass values to these parameters. A subprogram can be a stored procedure or a function. In most cases, you can use a stored procedure to perform an operation and a function to calculate and return a value."}),"\n",(0,s.jsx)(n.p,{children:"A stored subprogram is a subprogram stored in a database to perform complex logic operations for different database applications. The MySQL mode supports only standalone subprograms that are created at the schema level. Subprograms in MySQL mode meet the requirements for stored programs in the SQL standard and differ from PL subprograms in Oracle mode in terms of syntax and features."}),"\n",(0,s.jsxs)(n.p,{children:["For more information about subprograms, see ",(0,s.jsx)(n.a,{href:"https://en.oceanbase.com/docs/common-oceanbase-database-10000000001379921",children:"Subprograms"}),"."]}),"\n",(0,s.jsx)(n.h3,{id:"write-data",children:"Write data"}),"\n",(0,s.jsx)(n.h4,{id:"insert-data",children:"Insert data"}),"\n",(0,s.jsxs)(n.p,{children:["After you create a table, you can use the ",(0,s.jsx)(n.code,{children:"INSERT"})," statement or other statements to insert records into the table. This section describes how to use related statements."]}),"\n",(0,s.jsx)(n.h5,{id:"prerequisites-8",children:"Prerequisites"}),"\n",(0,s.jsxs)(n.ul,{children:["\n",(0,s.jsxs)(n.li,{children:["\n",(0,s.jsx)(n.p,{children:"You have connected to a MySQL tenant of OceanBase Database."}),"\n"]}),"\n",(0,s.jsxs)(n.li,{children:["\n",(0,s.jsxs)(n.p,{children:["You have the ",(0,s.jsx)(n.code,{children:"INSERT"})," privilege on the target table."]}),"\n"]}),"\n"]}),"\n",(0,s.jsxs)(n.h5,{id:"use-the-insert-statement-to-insert-data",children:["Use the ",(0,s.jsx)(n.code,{children:"INSERT"})," statement to insert data"]}),"\n",(0,s.jsx)(n.p,{children:(0,s.jsx)(n.strong,{children:"Insert a single row of data"})}),"\n",(0,s.jsxs)(n.p,{children:["You can use the ",(0,s.jsx)(n.code,{children:"INSERT"})," statement to insert a single row of data."]}),"\n",(0,s.jsx)(n.p,{children:"Assume that the information about the table into which data is to be inserted is as follows:"}),"\n",(0,s.jsx)(n.pre,{children:(0,s.jsx)(n.code,{className:"language-sql",children:"obclient [test]> CREATE TABLE t_insert(\nid int NOT NULL PRIMARY KEY,\nname varchar(10) NOT NULL, \nvalue int,\ngmt_create DATETIME NOT NULL DEFAULT CURRENT_TIMESTAMP\n);\nQuery OK, 0 rows affected \n"})}),"\n",(0,s.jsxs)(n.p,{children:["The ",(0,s.jsx)(n.code,{children:"id"})," and ",(0,s.jsx)(n.code,{children:"name"})," columns of the table cannot be empty. The ",(0,s.jsx)(n.code,{children:"id"})," column is the primary key column and cannot contain duplicate values because a ",(0,s.jsx)(n.code,{children:"UNIQUE"})," constraint is defined on this column. A default value is specified for the ",(0,s.jsx)(n.code,{children:"gmt_create"})," column."]}),"\n",(0,s.jsx)(n.p,{children:"Example: Insert multiple rows of data into a table by executing a single-row insertion statement multiple times."}),"\n",(0,s.jsxs)(n.p,{children:["A default value has been specified for the ",(0,s.jsx)(n.code,{children:"gmt_create"})," column. Therefore, you do not need to specify a value for this column when you insert data."]}),"\n",(0,s.jsx)(n.pre,{children:(0,s.jsx)(n.code,{className:"language-sql",children:"obclient [test]> INSERT INTO t_insert(id, name, value) \nVALUES (1,'CN',10001);\nQuery OK, 2 rows affected\n\nobclient [test]> INSERT INTO t_insert(id, name, value) \nVALUES(2,'US', 10002);\nQuery OK, 2 rows affected\n"})}),"\n",(0,s.jsxs)(n.p,{children:["If no default value is specified for the ",(0,s.jsx)(n.code,{children:"gmt_create"})," column, you must specify a value for this column when you insert data by using the following statement:"]}),"\n",(0,s.jsx)(n.pre,{children:(0,s.jsx)(n.code,{className:"language-sql",children:"obclient [test]> INSERT INTO t_insert(id, name, value, gmt_create)\nVALUES (3,'EN', 10003, current_timestamp ());\nQuery OK, 1 row affected \n"})}),"\n",(0,s.jsx)(n.p,{children:(0,s.jsx)(n.strong,{children:"Insert multiple rows of data at a time"})}),"\n",(0,s.jsxs)(n.p,{children:["To insert multiple records, you can also use an ",(0,s.jsx)(n.code,{children:"INSERT"})," statement that contains multiple values in the ",(0,s.jsx)(n.code,{children:"VALUES"})," clause. The execution of a single multi-row insertion statement is faster than that of multiple single-row insertion statements."]}),"\n",(0,s.jsx)(n.p,{children:"Example: Insert multiple rows of data at a time."}),"\n",(0,s.jsx)(n.pre,{children:(0,s.jsx)(n.code,{className:"language-sql",children:"obclient [test]> INSERT INTO t_insert(id, name, value) \nVALUES (1,'CN',10001),(2,'US', 10002);\nQuery OK, 2 rows affected\n"})}),"\n",(0,s.jsxs)(n.p,{children:["When you need to back up the data of a table or copy all records of a table to another table, you can use the ",(0,s.jsx)(n.code,{children:"INSERT INTO ... SELECT ... FROM"})," statement as the ",(0,s.jsx)(n.code,{children:"VALUES"})," clause of the ",(0,s.jsx)(n.code,{children:"INSERT"})," statement for batch insertion."]}),"\n",(0,s.jsxs)(n.p,{children:["Example: Back up all data of the ",(0,s.jsx)(n.code,{children:"t_insert"})," table to the ",(0,s.jsx)(n.code,{children:"t_insert_bak"})," table."]}),"\n",(0,s.jsx)(n.pre,{children:(0,s.jsx)(n.code,{className:"language-sql",children:"obclient [test]> SELECT * FROM t_insert;\n+----+------+-------+---------------------+\n| id | name | value | gmt_create          |\n+----+------+-------+---------------------+\n|  1 | CN   | 10001 | 2022-10-12 15:17:17 |\n|  2 | US   | 10002 | 2022-10-12 16:29:16 |\n|  3 | EN   | 10003 | 2022-10-12 16:29:26 |\n+----+------+-------+---------------------+\n3 rows in set\n\nobclient [test]> CREATE TABLE t_insert_bak(\nid number NOT NULL PRIMARY KEY,\nname varchar(10) NOT NULL, \nvalue number,\ngmt_create DATETIME NOT NULL DEFAULT CURRENT_TIMESTAMP\n);\nQuery OK, 0 rows affected \n\nobclient [test]> INSERT INTO t_insert_bak SELECT * FROM t_insert;\nQuery OK, 2 rows affected\n\nobclient [test]> SELECT * FROM t_insert_bak;\n+----+------+-------+---------------------+\n| id | name | value | gmt_create          |\n+----+------+-------+---------------------+\n|  1 | CN   | 10001 | 2022-10-12 15:17:17 |\n|  2 | US   | 10002 | 2022-10-12 16:29:16 |\n|  3 | EN   | 10003 | 2022-10-12 16:29:26 |\n+----+------+-------+---------------------+\n3 rows in set\n"})}),"\n",(0,s.jsx)(n.h5,{id:"insert-data-by-using-other-statements",children:"Insert data by using other statements"}),"\n",(0,s.jsxs)(n.p,{children:["Besides the ",(0,s.jsx)(n.code,{children:"INSERT"})," statement, you can use the ",(0,s.jsx)(n.code,{children:"REPLACE INTO"})," statement instead to insert data into a table without data records or a table with data records but no primary key or unique key conflicts. For more information about the ",(0,s.jsx)(n.code,{children:"REPLACE INTO"})," statement, see ",(0,s.jsx)(n.a,{href:"https://en.oceanbase.com/docs/common-oceanbase-database-10000000001378362",children:"REPLACE"}),"."]}),"\n",(0,s.jsx)(n.p,{children:"Here is an example:"}),"\n",(0,s.jsxs)(n.ul,{children:["\n",(0,s.jsxs)(n.li,{children:["\n",(0,s.jsxs)(n.p,{children:["Create a table named ",(0,s.jsx)(n.code,{children:"t_replace"})," and then use the ",(0,s.jsx)(n.code,{children:"REPLACE INTO"})," statement to insert data into the table."]}),"\n",(0,s.jsx)(n.pre,{children:(0,s.jsx)(n.code,{className:"language-sql",children:"obclient [test]> CREATE TABLE t_replace(\nid int NOT NULL PRIMARY KEY\n, name varchar(10) NOT NULL\n, value int\n,gmt_create timestamp NOT NULL DEFAULT current_timestamp\n);\nQuery OK, 0 rows affected \n\nobclient [test]> REPLACE INTO t_replace VALUES(1,'CN',2001, current_timestamp ());\nQuery OK, 1 row affected \n\nobclient [test]> SELECT * FROM t_replace;\n+----+------+-------+---------------------+\n| id | name | value | gmt_create          |\n+----+------+-------+---------------------+\n|  1 | CN   |  2001 | 2022-11-23 09:52:44 |\n+----+------+-------+---------------------+\n1 row in set \n"})}),"\n"]}),"\n",(0,s.jsxs)(n.li,{children:["\n",(0,s.jsxs)(n.p,{children:["Use the ",(0,s.jsx)(n.code,{children:"REPLACE INTO"})," statement to insert data into the ",(0,s.jsx)(n.code,{children:"t_replace"})," table that has data records."]}),"\n",(0,s.jsx)(n.pre,{children:(0,s.jsx)(n.code,{className:"language-sql",children:"obclient [test]> SELECT * FROM t_replace;\n+----+------+-------+---------------------+\n| id | name | value | gmt_create          |\n+----+------+-------+---------------------+\n|  1 | CN   |  2001 | 2022-03-22 16:13:55 |\n+----+------+-------+---------------------+\n1 row in set \n\nobclient [test]> REPLACE INTO t_replace values(2,'US',2002, current_timestamp ());\nQuery OK, 1 row affected\n\nobclient [test]> SELECT * FROM t_replace;\n+----+------+-------+---------------------+\n| id | name | value | gmt_create          |\n+----+------+-------+---------------------+\n|  1 | CN   |  2001 | 2022-11-23 09:52:44 |\n|  2 | US   |  2002 | 2022-11-23 09:53:05 |\n+----+------+-------+---------------------+\n2 rows in set\n"})}),"\n"]}),"\n"]}),"\n",(0,s.jsx)(n.h4,{id:"update-data",children:"Update data"}),"\n",(0,s.jsxs)(n.p,{children:["After you insert data into a table, you can use the ",(0,s.jsx)(n.code,{children:"UPDATE"})," statement to update the records in the table. This section describes how to use related statements."]}),"\n",(0,s.jsx)(n.h5,{id:"prerequisites-9",children:"Prerequisites"}),"\n",(0,s.jsxs)(n.ul,{children:["\n",(0,s.jsxs)(n.li,{children:["\n",(0,s.jsx)(n.p,{children:"You have connected to a MySQL tenant of OceanBase Database."}),"\n"]}),"\n",(0,s.jsxs)(n.li,{children:["\n",(0,s.jsxs)(n.p,{children:["You have the ",(0,s.jsx)(n.code,{children:"UPDATE"})," privilege on the target table."]}),"\n"]}),"\n"]}),"\n",(0,s.jsxs)(n.h5,{id:"update-data-by-using-the-update-statement",children:["Update data by using the ",(0,s.jsx)(n.code,{children:"UPDATE"})," statement"]}),"\n",(0,s.jsxs)(n.p,{children:["Generally, the ",(0,s.jsx)(n.code,{children:"UPDATE"})," statement is used to update the data of a table. For more information about the ",(0,s.jsx)(n.code,{children:"UPDATE"})," statement, see ",(0,s.jsx)(n.a,{href:"https://en.oceanbase.com/docs/common-oceanbase-database-10000000001378398",children:"UPDATE"}),"."]}),"\n",(0,s.jsxs)(n.p,{children:["The syntax of a simple ",(0,s.jsx)(n.code,{children:"UPDATE"})," statement is as follows:"]}),"\n",(0,s.jsx)(n.pre,{children:(0,s.jsx)(n.code,{className:"language-sql",children:"UPDATE table_name\nSET column_name = value [, column_name = value]...\n[ WHERE condition ];\n"})}),"\n",(0,s.jsxs)(n.table,{children:[(0,s.jsx)(n.thead,{children:(0,s.jsxs)(n.tr,{children:[(0,s.jsx)(n.th,{children:"Parameter"}),(0,s.jsx)(n.th,{children:"Required"}),(0,s.jsx)(n.th,{children:"Description"})]})}),(0,s.jsxs)(n.tbody,{children:[(0,s.jsxs)(n.tr,{children:[(0,s.jsx)(n.td,{children:"table_name"}),(0,s.jsx)(n.td,{children:"Yes"}),(0,s.jsx)(n.td,{children:"The table whose data is to be updated."})]}),(0,s.jsxs)(n.tr,{children:[(0,s.jsx)(n.td,{children:"column_name = value [, column_name = value]"}),(0,s.jsx)(n.td,{children:"Yes"}),(0,s.jsx)(n.td,{children:"The column to be updated. The value after the equal sign (=) is the new value."})]}),(0,s.jsxs)(n.tr,{children:[(0,s.jsx)(n.td,{children:"[ WHERE condition ]"}),(0,s.jsx)(n.td,{children:"No"}),(0,s.jsx)(n.td,{children:"The conditions that the rows to be updated must meet. If no condition is specified, all records corresponding to the column are updated."})]})]})]}),"\n",(0,s.jsxs)(n.p,{children:["Example: Update all values in the ",(0,s.jsx)(n.code,{children:"value"})," column of the ",(0,s.jsx)(n.code,{children:"t_insert"})," table by increasing each of them by 1."]}),"\n",(0,s.jsx)(n.pre,{children:(0,s.jsx)(n.code,{className:"language-sql",children:"obclient [test]> UPDATE t_insert SET value = value+1;\nQuery OK, 4 rows affected \nRows matched: 4  Changed: 4  Warnings: 0\n\nobclient [test]> SELECT * FROM t_insert;\n+----+------+-------+---------------------+\n| id | name | value | gmt_create          |\n+----+------+-------+---------------------+\n|  1 | CN   | 10002 | 1970-01-01 17:18:06 |\n|  2 | US   | 10003 | 1970-01-01 17:18:47 |\n|  3 | EN   | 10004 | 1970-01-01 17:18:47 |\n|  4 | JP   | 10005 | 1970-01-01 17:28:21 |\n+----+------+-------+---------------------+\n4 rows in set\n"})}),"\n",(0,s.jsxs)(n.p,{children:["When you execute the ",(0,s.jsx)(n.code,{children:"UPDATE"})," statement, make sure that the transaction is not large. You can use the ",(0,s.jsx)(n.code,{children:"LIMIT"})," keyword to control the number of records to be updated or the ",(0,s.jsx)(n.code,{children:"WHERE"})," keyword to control the update scope. When you execute an ",(0,s.jsx)(n.code,{children:"UPDATE"})," statement that involves more than one hundred thousand records without using the ",(0,s.jsx)(n.code,{children:"WHERE"})," clause, a large transaction is generated, which may cause the update to fail."]}),"\n",(0,s.jsx)(n.h5,{id:"update-data-by-using-other-statements",children:"Update data by using other statements"}),"\n",(0,s.jsxs)(n.p,{children:["In addition to the explicit ",(0,s.jsx)(n.code,{children:"UPDATE"})," statement, you can use other statements to update data. For example, when you use the ",(0,s.jsx)(n.code,{children:"INSERT"})," statement to insert data, you can use the ",(0,s.jsx)(n.code,{children:"ON DUPLICATE KEY UPDATE"})," clause to convert the insertion statement into a data update statement to avoid constraint conflicts."]}),"\n",(0,s.jsxs)(n.p,{children:["Example: Use the ",(0,s.jsx)(n.code,{children:"ON DUPLICATE KEY UPDATE"})," clause to convert a data insertion statement into a data update statement."]}),"\n",(0,s.jsx)(n.pre,{children:(0,s.jsx)(n.code,{className:"language-sql",children:"obclient [test]> SELECT * FROM t_insert;\n+----+------+-------+---------------------+\n| id | name | value | gmt_create          |\n+----+------+-------+---------------------+\n|  1 | CN   | 10001 | 2022-10-12 15:17:17 |\n|  2 | US   | 10002 | 2022-10-12 16:29:16 |\n|  3 | EN   | 10003 | 2022-10-12 16:29:26 |\n|  4 | JP   | 10004 | 2022-10-12 17:02:52 |\n+----+------+-------+---------------------+\n4 rows in set\n\nobclient [test]> INSERT INTO t_insert(id, name, value) VALUES (3,'UK', 10003),(5, 'CN', 10005) ON DUPLICATE KEY UPDATE name = VALUES(name);\nQuery OK, 1 row affected \n\nobclient [test]> SELECT * FROM t_insert;\n+----+------+-------+---------------------+\n| id | name | value | gmt_create          |\n+----+------+-------+---------------------+\n|  1 | CN   | 10001 | 2022-10-12 16:29:16 |\n|  2 | US   | 10002 | 2022-10-12 15:17:17 |\n|  3 | UK   | 10003 | 2022-10-12 16:29:26 |\n|  4 | JP   | 10004 | 2022-10-12 17:02:52 |\n|  5 | CN   | 10005 | 2022-10-12 17:27:46 |\n+----+------+-------+---------------------+\n5 rows in set\n"})}),"\n",(0,s.jsxs)(n.p,{children:["In this example, ",(0,s.jsx)(n.code,{children:"ON DUPLICATE KEY UPDATE name = VALUES(name)"})," specifies that when the inserted data is duplicate with a value of the primary key, the value of the ",(0,s.jsx)(n.code,{children:"name"})," column of the conflicting row ",(0,s.jsx)(n.code,{children:"(3,'EN', 10003)"})," in the original data is updated to the value of the ",(0,s.jsx)(n.code,{children:"name"})," column of the data to be inserted."]}),"\n",(0,s.jsx)(n.h4,{id:"delete-data",children:"Delete data"}),"\n",(0,s.jsxs)(n.p,{children:["After you insert data into a table, you can use the ",(0,s.jsx)(n.code,{children:"DELETE"})," statement or other statements to delete records from the table. This section describes how to use related statements."]}),"\n",(0,s.jsx)(n.h5,{id:"prerequisites-10",children:"Prerequisites"}),"\n",(0,s.jsx)(n.p,{children:"Before you delete data from a table, make sure that the following conditions are met:"}),"\n",(0,s.jsxs)(n.ul,{children:["\n",(0,s.jsxs)(n.li,{children:["\n",(0,s.jsx)(n.p,{children:"You have connected to a MySQL tenant of OceanBase Database."}),"\n"]}),"\n",(0,s.jsxs)(n.li,{children:["\n",(0,s.jsxs)(n.p,{children:["You have the ",(0,s.jsx)(n.code,{children:"DELETE"})," privilege on the target table. To use the ",(0,s.jsx)(n.code,{children:"TRUNCATE TABLE"})," statement to clear the data in a table, you must also have the ",(0,s.jsx)(n.code,{children:"CREATE"})," privilege on the table."]}),"\n"]}),"\n"]}),"\n",(0,s.jsxs)(n.h5,{id:"use-the-delete-statement-to-delete-data",children:["Use the ",(0,s.jsx)(n.code,{children:"DELETE"})," statement to delete data"]}),"\n",(0,s.jsxs)(n.p,{children:["Generally, the ",(0,s.jsx)(n.code,{children:"DELETE"})," statement is used to delete part of the data or all data from a table. For more information about the ",(0,s.jsx)(n.code,{children:"DELETE"})," statement, see ",(0,s.jsx)(n.a,{href:"https://en.oceanbase.com/docs/common-oceanbase-database-10000000001378376",children:"DELETE"}),"."]}),"\n",(0,s.jsxs)(n.p,{children:["The syntax of a simple ",(0,s.jsx)(n.code,{children:"DELETE"})," statement is as follows:"]}),"\n",(0,s.jsx)(n.pre,{children:(0,s.jsx)(n.code,{className:"language-sql",children:"DELETE FROM table_name [ WHERE condition ];\n"})}),"\n",(0,s.jsxs)(n.table,{children:[(0,s.jsx)(n.thead,{children:(0,s.jsxs)(n.tr,{children:[(0,s.jsx)(n.th,{children:"Parameter"}),(0,s.jsx)(n.th,{children:"Required"}),(0,s.jsx)(n.th,{children:"Description"})]})}),(0,s.jsxs)(n.tbody,{children:[(0,s.jsxs)(n.tr,{children:[(0,s.jsx)(n.td,{children:"table_name"}),(0,s.jsx)(n.td,{children:"Yes"}),(0,s.jsx)(n.td,{children:"The table from which data is to be deleted."})]}),(0,s.jsxs)(n.tr,{children:[(0,s.jsx)(n.td,{children:"[ WHERE condition ]"}),(0,s.jsx)(n.td,{children:"No"}),(0,s.jsx)(n.td,{children:"The condition for deleting data. If no condition is specified, all data in the table is deleted."})]})]})]}),"\n",(0,s.jsx)(n.p,{children:"Here are two examples:"}),"\n",(0,s.jsxs)(n.ul,{children:["\n",(0,s.jsxs)(n.li,{children:["\n",(0,s.jsxs)(n.p,{children:["Delete all rows from the ",(0,s.jsx)(n.code,{children:"t_insert"})," table."]}),"\n",(0,s.jsx)(n.pre,{children:(0,s.jsx)(n.code,{className:"language-sql",children:"obclient [test]> DELETE FROM t_insert;\nQuery OK, 3 row affected\n"})}),"\n",(0,s.jsxs)(n.p,{children:["For a table that contains millions of records, deleting all the records at a time may result in performance issues. We recommend that you delete the data in batches by using the ",(0,s.jsx)(n.code,{children:"WHERE"})," condition, or ",(0,s.jsx)(n.strong,{children:"use the TRUNCATE TABLE statement to empty a table"}),"."]}),"\n"]}),"\n",(0,s.jsxs)(n.li,{children:["\n",(0,s.jsxs)(n.p,{children:["Filter the data in the ",(0,s.jsx)(n.code,{children:"value"})," column of the ",(0,s.jsx)(n.code,{children:"t_insert"})," table. Execute multiple statements to respectively delete the data that meets the ",(0,s.jsx)(n.code,{children:"value < 10000"}),", ",(0,s.jsx)(n.code,{children:"value < 20000"}),", and ",(0,s.jsx)(n.code,{children:"value < 30000"})," conditions in batches."]}),"\n",(0,s.jsx)(n.pre,{children:(0,s.jsx)(n.code,{className:"language-sql",children:"obclient [test]> DELETE FROM t_insert WHERE value < 100000;\n\nobclient [test]> DELETE FROM t_insert WHERE value < 200000;\n\nobclient [test]> DELETE FROM t_insert WHERE value < 300000;\n"})}),"\n"]}),"\n"]}),"\n",(0,s.jsx)(n.h5,{id:"use-the-truncate-table-statement-to-empty-a-table",children:"Use the TRUNCATE TABLE statement to empty a table"}),"\n",(0,s.jsxs)(n.p,{children:["The ",(0,s.jsx)(n.code,{children:"TRUNCATE TABLE"})," statement clears a table but retains its schema, including the partitions defined for the table. Logically, this statement is equivalent to the ",(0,s.jsx)(n.code,{children:"DELETE FROM"})," statement that is used to delete all rows."]}),"\n",(0,s.jsx)(n.p,{children:"The syntax is as follows:"}),"\n",(0,s.jsx)(n.pre,{children:(0,s.jsx)(n.code,{className:"language-sql",children:"TRUNCATE [TABLE] table_name;\n"})}),"\n",(0,s.jsxs)(n.p,{children:["Example: Use the ",(0,s.jsx)(n.code,{children:"TRUNCATE TABLE"})," statement to empty the ",(0,s.jsx)(n.code,{children:"t_insert"})," table."]}),"\n",(0,s.jsx)(n.pre,{children:(0,s.jsx)(n.code,{className:"language-sql",children:"obclient [test]> TRUNCATE TABLE t_insert;\n"})}),"\n",(0,s.jsxs)(n.p,{children:["For more information about the ",(0,s.jsx)(n.code,{children:"TRUNCATE TABLE"})," statement, see ",(0,s.jsx)(n.a,{href:"https://en.oceanbase.com/docs/common-oceanbase-database-10000000001378391",children:"TRUNCATE TABLE"}),"."]}),"\n",(0,s.jsx)(n.h4,{id:"replace-data",children:"Replace data"}),"\n",(0,s.jsxs)(n.p,{children:["You can use the ",(0,s.jsx)(n.code,{children:"REPLACE INTO"})," statement to insert or update data. This section describes how to use the statement."]}),"\n",(0,s.jsx)(n.h5,{id:"prerequisites-11",children:"Prerequisites"}),"\n",(0,s.jsx)(n.p,{children:"Before you replace data in a table, make sure that the following conditions are met:"}),"\n",(0,s.jsxs)(n.ul,{children:["\n",(0,s.jsxs)(n.li,{children:["\n",(0,s.jsx)(n.p,{children:"You have connected to a MySQL tenant of OceanBase Database."}),"\n"]}),"\n",(0,s.jsxs)(n.li,{children:["\n",(0,s.jsxs)(n.p,{children:["You have the ",(0,s.jsx)(n.code,{children:"INSERT"}),", ",(0,s.jsx)(n.code,{children:"UPDATE"}),", and ",(0,s.jsx)(n.code,{children:"DELETE"})," privileges on the target table."]}),"\n"]}),"\n"]}),"\n",(0,s.jsx)(n.h5,{id:"use-replace-into-to-replace-data",children:"Use REPLACE INTO to replace data"}),"\n",(0,s.jsxs)(n.p,{children:["Generally, the ",(0,s.jsx)(n.code,{children:"REPLACE INTO"})," statement is used to replace one or more records in a table. For more information about the ",(0,s.jsx)(n.code,{children:"REPLACE INTO"})," statement, see ",(0,s.jsx)(n.a,{href:"https://en.oceanbase.com/docs/common-oceanbase-database-10000000001378362",children:"REPLACE"}),"."]}),"\n",(0,s.jsxs)(n.p,{children:["The syntax of the ",(0,s.jsx)(n.code,{children:"REPLACE INTO"})," statement is as follows:"]}),"\n",(0,s.jsx)(n.pre,{children:(0,s.jsx)(n.code,{className:"language-sql",children:"REPLACE INTO table_name VALUES(list_of_values);\n"})}),"\n",(0,s.jsxs)(n.table,{children:[(0,s.jsx)(n.thead,{children:(0,s.jsxs)(n.tr,{children:[(0,s.jsx)(n.th,{children:"Parameter"}),(0,s.jsx)(n.th,{children:"Required"}),(0,s.jsx)(n.th,{children:"Description"}),(0,s.jsx)(n.th,{children:"Example"})]})}),(0,s.jsxs)(n.tbody,{children:[(0,s.jsxs)(n.tr,{children:[(0,s.jsx)(n.td,{children:"table_name"}),(0,s.jsx)(n.td,{children:"Yes"}),(0,s.jsx)(n.td,{children:"The table into which data is to be inserted."}),(0,s.jsx)(n.td,{children:"table1"})]}),(0,s.jsxs)(n.tr,{children:[(0,s.jsx)(n.td,{children:"(list_of_values)"}),(0,s.jsx)(n.td,{children:"Yes"}),(0,s.jsx)(n.td,{children:"The data to be inserted."}),(0,s.jsx)(n.td,{children:"(1,'CN',2001, current_timestamp ())"})]})]})]}),"\n",(0,s.jsxs)(n.p,{children:["The ",(0,s.jsx)(n.code,{children:"REPLACE INTO"})," statement will determine whether to directly insert new data or to use new data to update existing data based on whether conflicts exist."]}),"\n",(0,s.jsxs)(n.ul,{children:["\n",(0,s.jsxs)(n.li,{children:["\n",(0,s.jsx)(n.p,{children:"If the data to be inserted does not conflict with the values of the primary key or unique key column, the data is inserted."}),"\n"]}),"\n",(0,s.jsxs)(n.li,{children:["\n",(0,s.jsx)(n.p,{children:"If the data to be inserted conflicts with the values of the primary key or unique key column, the existing records are deleted and then new records are inserted. We recommend that you create a PRIMARY KEY or UNIQUE index on the target table to avoid inserting duplicate records into the table."}),"\n"]}),"\n"]}),"\n",(0,s.jsx)(n.p,{children:"Here are some examples:"}),"\n",(0,s.jsxs)(n.ul,{children:["\n",(0,s.jsxs)(n.li,{children:["\n",(0,s.jsxs)(n.p,{children:["Create a table named ",(0,s.jsx)(n.code,{children:"t_replace"})," and then use the ",(0,s.jsx)(n.code,{children:"REPLACE INTO"})," statement to insert a row into the table."]}),"\n",(0,s.jsx)(n.pre,{children:(0,s.jsx)(n.code,{className:"language-sql",children:"obclient [test]> CREATE TABLE t_replace(\nid number NOT NULL PRIMARY KEY\n, name varchar(10) NOT NULL\n, value number\n,gmt_create timestamp NOT NULL DEFAULT current_timestamp\n);\nQuery OK, 0 rows affected \n\nobclient [test]> REPLACE INTO t_replace values(1,'CN',2001, current_timestamp ());\nQuery OK, 1 row affected \n\nobclient [test]> SELECT * FROM t_replace;\n+----+------+-------+---------------------+\n| id | name | value | gmt_create          |\n+----+------+-------+---------------------+\n|  1 | CN   |  2001 | 2022-10-13 14:06:58 |\n+----+------+-------+---------------------+\n1 row in set\n"})}),"\n",(0,s.jsxs)(n.p,{children:["In this example, no data is inserted after the ",(0,s.jsx)(n.code,{children:"t_replace"})," table is created. One record is inserted into the table after the ",(0,s.jsx)(n.code,{children:"REPLACE INTO"})," statement is executed."]}),"\n"]}),"\n",(0,s.jsxs)(n.li,{children:["\n",(0,s.jsxs)(n.p,{children:["Execute the ",(0,s.jsx)(n.code,{children:"REPLACE INTO"})," statement again to insert another row of data."]}),"\n",(0,s.jsx)(n.pre,{children:(0,s.jsx)(n.code,{className:"language-sql",children:"obclient [test]> SELECT * FROM t_replace;\n+----+------+-------+---------------------+\n| id | name | value | gmt_create          |\n+----+------+-------+---------------------+\n|  1 | CN   |  2001 | 2022-10-13 14:06:58 |\n+----+------+-------+---------------------+\n1 row in set\n\nobclient [test]> REPLACE INTO t_replace(id, name, value, gmt_create) VALUES(2,'US',2002,  current_timestamp ());\nQuery OK, 1 row affected \n\nobclient [test]> SELECT * FROM t_replace;\n+----+------+-------+---------------------+\n| id | name | value | gmt_create          |\n+----+------+-------+---------------------+\n|  1 | CN   |  2001 | 2022-10-13 14:06:58 |\n|  2 | US   |  2002 | 2022-10-13 14:17:56 |\n+----+------+-------+---------------------+\n2 rows in set\n"})}),"\n",(0,s.jsxs)(n.p,{children:["In this example, the ",(0,s.jsx)(n.code,{children:"t_replace"})," table already has a record. The ",(0,s.jsx)(n.code,{children:"(2,'US',2002,current_timestamp ())"})," data record is not duplicate with the record in the table and therefore does not violate the UNIQUE constraint and is inserted into the ",(0,s.jsx)(n.code,{children:"t_replace"})," table."]}),"\n"]}),"\n",(0,s.jsxs)(n.li,{children:["\n",(0,s.jsxs)(n.p,{children:["Use a query statement to replace the ",(0,s.jsx)(n.code,{children:"VALUES"})," clause in the ",(0,s.jsx)(n.code,{children:"REPLACE INTO"})," statement to insert multiple rows of data. Insert the data of the ",(0,s.jsx)(n.code,{children:"t_insert"})," table into the ",(0,s.jsx)(n.code,{children:"t_replace"})," table."]}),"\n",(0,s.jsx)(n.pre,{children:(0,s.jsx)(n.code,{className:"language-sql",children:"obclient [test]> SELECT * FROM t_replace;\n+----+------+-------+---------------------+\n| id | name | value | gmt_create          |\n+----+------+-------+---------------------+\n|  1 | CN   |  2001 | 2022-10-13 14:06:58 |\n|  2 | US   |  2002 | 2022-10-13 14:17:56 |\n+----+------+-------+---------------------+\n2 rows in set\n\nobclient [test]> SELECT * FROM t_insert;\n+----+------+-------+---------------------+\n| id | name | value | gmt_create          |\n+----+------+-------+---------------------+\n|  7 | EN   |  1007 | 2022-10-13 14:36:36 |\n|  8 | JP   |  1008 | 2022-10-13 14:36:36 |\n+----+------+-------+---------------------+\n2 rows in set\n\nobclient [test]> REPLACE INTO t_replace\nSELECT id,name,value,gmt_create FROM t_insert;\nQuery OK, 2 rows affected\nRecords: 2  Duplicates: 0  Warnings: 0\n\nobclient [test]> SELECT * FROM t_replace;\n+----+------+-------+---------------------+\n| id | name | value | gmt_create          |\n+----+------+-------+---------------------+\n|  1 | CN   |  2001 | 2022-10-13 14:06:58 |\n|  2 | US   |  2002 | 2022-10-13 14:17:56 |\n|  7 | EN   |  1007 | 2022-10-13 14:36:36 |\n|  8 | JP   |  1008 | 2022-10-13 14:36:36 |\n+----+------+-------+---------------------+\n4 rows in set\n"})}),"\n",(0,s.jsxs)(n.p,{children:["For a table with records and primary key or unique key conflicts, you can use the ",(0,s.jsx)(n.code,{children:"REPLACE INTO"})," statement to update the conflicting data in the table to the new data."]}),"\n"]}),"\n",(0,s.jsxs)(n.li,{children:["\n",(0,s.jsxs)(n.p,{children:["Insert a record into the ",(0,s.jsx)(n.code,{children:"t_replace"})," table."]}),"\n",(0,s.jsx)(n.pre,{children:(0,s.jsx)(n.code,{className:"language-sql",children:"obclient [test]> SELECT * FROM t_replace;\n+----+------+-------+---------------------+\n| id | name | value | gmt_create          |\n+----+------+-------+---------------------+\n|  1 | CN   |  2001 | 2022-10-13 14:06:58 |\n|  2 | US   |  2002 | 2022-10-13 14:17:56 |\n|  7 | EN   |  1007 | 2022-10-13 14:36:36 |\n|  8 | JP   |  1008 | 2022-10-13 14:36:36 |\n+----+------+-------+---------------------+\n4 rows in set\n\nobclient [test]> REPLACE INTO t_replace(id, name, value, gmt_create) VALUES(2,'EN',2002,  current_timestamp ());\nQuery OK, 2 rows affected\n\nobclient [test]> SELECT * FROM t_replace;\n+----+------+-------+---------------------+\n| id | name | value | gmt_create          |\n+----+------+-------+---------------------+\n|  1 | CN   |  2001 | 2022-10-13 14:06:58 |\n|  2 | EN   |  2002 | 2022-10-13 14:44:33 |\n|  7 | EN   |  1007 | 2022-10-13 14:36:36 |\n|  8 | JP   |  1008 | 2022-10-13 14:36:36 |\n+----+------+-------+---------------------+\n4 rows in set\n"})}),"\n",(0,s.jsxs)(n.p,{children:["In this example, the ",(0,s.jsx)(n.code,{children:"id"})," column in the ",(0,s.jsx)(n.code,{children:"t_replace"})," table is the primary key column and must meet the UNIQUE constraint. The inserted record ",(0,s.jsx)(n.code,{children:"(2,'EN',2002,current_timestamp ())"})," violates the UNIQUE constraint. Therefore, the system deletes the original record ",(0,s.jsx)(n.code,{children:"(2,'US',2002,current_timestamp ())"})," and inserts the new record ",(0,s.jsx)(n.code,{children:"(2,'EN',2002,current_timestamp ())"}),"."]}),"\n"]}),"\n"]}),"\n",(0,s.jsx)(n.h3,{id:"read-data",children:"Read data"}),"\n",(0,s.jsx)(n.h4,{id:"query-a-single-table",children:"Query a single table"}),"\n",(0,s.jsx)(n.p,{children:"This section describes how to use SQL statements to perform single-table queries on tables in OceanBase Database."}),"\n",(0,s.jsx)(n.h5,{id:"prerequisites-12",children:"Prerequisites"}),"\n",(0,s.jsxs)(n.ul,{children:["\n",(0,s.jsxs)(n.li,{children:["\n",(0,s.jsx)(n.p,{children:"You have connected to a MySQL tenant of OceanBase Database."}),"\n"]}),"\n",(0,s.jsxs)(n.li,{children:["\n",(0,s.jsxs)(n.p,{children:["You have the ",(0,s.jsx)(n.code,{children:"SELECT"})," privilege."]}),"\n"]}),"\n"]}),"\n",(0,s.jsx)(n.h5,{id:"execute-a-select-query",children:"Execute a SELECT query"}),"\n",(0,s.jsxs)(n.p,{children:["The general structure of a single-table query using the ",(0,s.jsx)(n.code,{children:"SELECT"})," statement is as follows:"]}),"\n",(0,s.jsx)(n.pre,{children:(0,s.jsx)(n.code,{className:"language-sql",children:"SELECT [ALL | DISTINCT | UNIQUE | SQL_CALC_FOUND_ROWS] select_list \nFROM table_name\n[ WHERE query_condition ]\n[ GROUP BY group_by_condition ]\n[ HAVING group_condition ]\n[ ORDER BY column_list ][ASC | DESC]\n[ LIMIT limit_clause ]\n\ncolumn_list:\ncolumn_name[,column_name...] \n"})}),"\n",(0,s.jsx)(n.p,{children:(0,s.jsx)(n.strong,{children:"Parameters"})}),"\n",(0,s.jsxs)(n.table,{children:[(0,s.jsx)(n.thead,{children:(0,s.jsxs)(n.tr,{children:[(0,s.jsx)(n.th,{children:"Parameter"}),(0,s.jsx)(n.th,{children:"Description"})]})}),(0,s.jsxs)(n.tbody,{children:[(0,s.jsxs)(n.tr,{children:[(0,s.jsx)(n.td,{children:"select_list"}),(0,s.jsx)(n.td,{children:"The list of columns to retrieve, which can be column names, expressions, or aggregate functions. Separate multiple columns with commas (,)."})]}),(0,s.jsxs)(n.tr,{children:[(0,s.jsx)(n.td,{children:"table_name"}),(0,s.jsx)(n.td,{children:"The name of the table from which data is to be retrieved."})]}),(0,s.jsxs)(n.tr,{children:[(0,s.jsx)(n.td,{children:"WHERE query_condition"}),(0,s.jsx)(n.td,{children:"Optional. The query condition. Only rows that meet the condition will be returned."})]}),(0,s.jsxs)(n.tr,{children:[(0,s.jsx)(n.td,{children:"GROUP BY group_by_condition"}),(0,s.jsx)(n.td,{children:"Optional. Specifies to group the results by the specified column. This parameter is typically used with aggregate functions."})]}),(0,s.jsxs)(n.tr,{children:[(0,s.jsx)(n.td,{children:"HAVING group_condition"}),(0,s.jsx)(n.td,{children:"Optional. Specifies to filter the grouped result set. Only groups that meet the condition will be returned."})]}),(0,s.jsxs)(n.tr,{children:[(0,s.jsx)(n.td,{children:"ORDER BY column_list"}),(0,s.jsx)(n.td,{children:"Optional. Specifies to sort the result set. You can specify to sort one or more columns."})]}),(0,s.jsxs)(n.tr,{children:[(0,s.jsx)(n.td,{children:"ASC | DESC"}),(0,s.jsxs)(n.td,{children:["Optional. The order of sorting. ",(0,s.jsx)(n.code,{children:"ASC"})," indicates the ascending order, and ",(0,s.jsx)(n.code,{children:"DESC"})," indicates the descending order. The default value is ",(0,s.jsx)(n.code,{children:"ASC"}),"."]})]}),(0,s.jsxs)(n.tr,{children:[(0,s.jsx)(n.td,{children:"LIMIT limit_clause"}),(0,s.jsx)(n.td,{children:"Optional. Specifies to limit the number of rows returned in the result set."})]}),(0,s.jsxs)(n.tr,{children:[(0,s.jsx)(n.td,{children:"column_list"}),(0,s.jsx)(n.td,{children:"The list of columns to retrieve. You can specify one or more columns. Separate multiple columns with commas (,)."})]}),(0,s.jsxs)(n.tr,{children:[(0,s.jsx)(n.td,{children:"column_name"}),(0,s.jsx)(n.td,{children:"The name of the column to retrieve."})]})]})]}),"\n",(0,s.jsxs)(n.p,{children:["If you use the ",(0,s.jsx)(n.code,{children:"WHERE"}),", ",(0,s.jsx)(n.code,{children:"GROUP BY"}),", ",(0,s.jsx)(n.code,{children:"HAVING"}),", ",(0,s.jsx)(n.code,{children:"ORDER BY"}),", and ",(0,s.jsx)(n.code,{children:"LIMIT"})," clauses in a query, these clauses are executed in strict accordance with the following sequence:"]}),"\n",(0,s.jsxs)(n.ol,{children:["\n",(0,s.jsxs)(n.li,{children:["\n",(0,s.jsxs)(n.p,{children:["The ",(0,s.jsx)(n.code,{children:"FROM"})," clause is executed to find the required table."]}),"\n"]}),"\n",(0,s.jsxs)(n.li,{children:["\n",(0,s.jsxs)(n.p,{children:["The ",(0,s.jsx)(n.code,{children:"WHERE"})," clause is executed to specify conditions. You can use the ",(0,s.jsx)(n.code,{children:"WHERE"})," clause to filter data before sorting."]}),"\n"]}),"\n",(0,s.jsxs)(n.li,{children:["\n",(0,s.jsxs)(n.p,{children:["The ",(0,s.jsx)(n.code,{children:"GROUP BY"})," clause is executed to group or aggregate records. If ",(0,s.jsx)(n.code,{children:"GROUP BY"})," is not executed, all records are considered a group."]}),"\n"]}),"\n",(0,s.jsxs)(n.li,{children:["\n",(0,s.jsxs)(n.p,{children:["The ",(0,s.jsx)(n.code,{children:"HAVING"})," clause filters data after grouping and returns the entire SQL query result."]}),"\n"]}),"\n",(0,s.jsxs)(n.li,{children:["\n",(0,s.jsxs)(n.p,{children:["The ",(0,s.jsx)(n.code,{children:"SELECT"})," clause is executed."]}),"\n"]}),"\n",(0,s.jsxs)(n.li,{children:["\n",(0,s.jsxs)(n.p,{children:["The ",(0,s.jsx)(n.code,{children:"DISTINCT"})," clause is executed to remove duplicate rows."]}),"\n"]}),"\n",(0,s.jsxs)(n.li,{children:["\n",(0,s.jsxs)(n.p,{children:["The ",(0,s.jsx)(n.code,{children:"ORDER BY"})," clause is executed to sort the results in ascending or descending order."]}),"\n"]}),"\n",(0,s.jsxs)(n.li,{children:["\n",(0,s.jsxs)(n.p,{children:["The ",(0,s.jsx)(n.code,{children:"LIMIT"})," clause is executed to limit the number of records."]}),"\n"]}),"\n"]}),"\n",(0,s.jsx)(n.pre,{children:(0,s.jsx)(n.code,{className:"language-sql",children:"SELECT * FROM student;\n"})}),"\n",(0,s.jsx)(n.p,{children:"The return result is as follows:"}),"\n",(0,s.jsx)(n.pre,{children:(0,s.jsx)(n.code,{className:"language-shell",children:"+----+-----------+--------+-----+-------+-----------------+-------+\n| id | name      | gender | age | score | enrollment_date | notes |\n+----+-----------+--------+-----+-------+-----------------+-------+\n|  1 | Emma      |      0 |  20 |    85 | 2021-09-01      | NULL  |\n|  2 | William   |      1 |  21 |  90.5 | 2021-09-02      | B     |\n|  3 | Olivia    |      0 |  19 |  95.5 | 2021-09-03      | A     |\n|  4 | James     |      1 |  20 |  87.5 | 2021-09-03      | NULL  |\n|  5 | Sophia    |      0 |  20 |  91.5 | 2021-09-05      | B     |\n|  6 | Benjamin  |      1 |  21 |  96.5 | 2021-09-01      | A     |\n|  7 | Ava       |      0 |  22 |  89.5 | 2021-09-06      | NULL  |\n|  8 | Michael   |      1 |  18 |  93.5 | 2021-09-08      | B     |\n|  9 | Charlotte |      1 |  19 |    88 | 2021-09-06      | NULL  |\n| 10 | Ethan     |      1 |  20 |    92 | 2021-09-01      | B     |\n+----+-----------+--------+-----+-------+-----------------+-------+\n10 rows in set\n"})}),"\n",(0,s.jsx)(n.p,{children:(0,s.jsx)(n.strong,{children:"Filter data"})}),"\n",(0,s.jsxs)(n.p,{children:["You can add a ",(0,s.jsx)(n.code,{children:"WHERE"})," clause to the ",(0,s.jsx)(n.code,{children:"SELECT"})," statement to query data that meets the specified conditions. The ",(0,s.jsx)(n.code,{children:"WHERE"})," clause can contain one or more conditions for filtering data. Only data that meets the ",(0,s.jsx)(n.code,{children:"WHERE"})," conditions will be returned. You can flexibly use query conditions based on specific requirements to filter and retrieve target data."]}),"\n",(0,s.jsxs)(n.p,{children:["When you use the ",(0,s.jsx)(n.code,{children:"WHERE"})," clause, make sure that the conditions are correct and appropriate operators are used."]}),"\n",(0,s.jsxs)(n.p,{children:["The following table lists general query conditions specified by the ",(0,s.jsx)(n.code,{children:"WHERE"})," clause."]}),"\n",(0,s.jsxs)(n.table,{children:[(0,s.jsx)(n.thead,{children:(0,s.jsxs)(n.tr,{children:[(0,s.jsx)(n.th,{children:"Condition type"}),(0,s.jsx)(n.th,{children:"Predicate"})]})}),(0,s.jsxs)(n.tbody,{children:[(0,s.jsxs)(n.tr,{children:[(0,s.jsx)(n.td,{children:"Comparison condition"}),(0,s.jsxs)(n.td,{children:[(0,s.jsx)(n.code,{children:"="}),", ",(0,s.jsx)(n.code,{children:">"}),", ",(0,s.jsx)(n.code,{children:"<"}),", ",(0,s.jsx)(n.code,{children:">="}),", ",(0,s.jsx)(n.code,{children:"<="}),", ",(0,s.jsx)(n.code,{children:"!="}),", and ",(0,s.jsx)(n.code,{children:"<>"})]})]}),(0,s.jsxs)(n.tr,{children:[(0,s.jsx)(n.td,{children:"Logical condition (multiple conditions supported in a query)"}),(0,s.jsxs)(n.td,{children:[(0,s.jsx)(n.code,{children:"AND"}),", ",(0,s.jsx)(n.code,{children:"OR"}),", and ",(0,s.jsx)(n.code,{children:"NOT"})]})]}),(0,s.jsxs)(n.tr,{children:[(0,s.jsx)(n.td,{children:"Fuzzy condition (matching by characters)"}),(0,s.jsxs)(n.td,{children:[(0,s.jsx)(n.code,{children:"LIKE"})," and ",(0,s.jsx)(n.code,{children:"NOT LIKE"})]})]}),(0,s.jsxs)(n.tr,{children:[(0,s.jsx)(n.td,{children:"Interval condition (with a specified range)"}),(0,s.jsxs)(n.td,{children:[(0,s.jsx)(n.code,{children:"BETWEEN AND"})," and ",(0,s.jsx)(n.code,{children:"NOT BETWEEN AND"})]})]}),(0,s.jsxs)(n.tr,{children:[(0,s.jsx)(n.td,{children:"Condition with a specified set"}),(0,s.jsxs)(n.td,{children:[(0,s.jsx)(n.code,{children:"IN"})," and ",(0,s.jsx)(n.code,{children:"NOT IN"})]})]}),(0,s.jsxs)(n.tr,{children:[(0,s.jsx)(n.td,{children:"Condition related to NULL values"}),(0,s.jsxs)(n.td,{children:[(0,s.jsx)(n.code,{children:"IS NULL"})," and ",(0,s.jsx)(n.code,{children:"IS NOT NULL"})]})]})]})]}),"\n",(0,s.jsxs)(n.p,{children:["For more information about query conditions and operators, see ",(0,s.jsx)(n.a,{href:"https://en.oceanbase.com/docs/common-oceanbase-database-10000000001378449",children:"Comparison operators"}),"."]}),"\n",(0,s.jsx)(n.p,{children:(0,s.jsx)(n.strong,{children:"Group query results"})}),"\n",(0,s.jsxs)(n.p,{children:["You can use the ",(0,s.jsx)(n.code,{children:"GROUP BY"})," clause to group the query results in SQL queries. ",(0,s.jsx)(n.code,{children:"GROUP BY"})," supports grouping by a single field or multiple fields. You can also use the ",(0,s.jsx)(n.code,{children:"WHERE"})," clause to filter data before grouping, use the ",(0,s.jsx)(n.code,{children:"HAVING"})," clause to filter data after grouping, and use the ",(0,s.jsx)(n.code,{children:"ORDER BY"})," clause to sort data after grouping."]}),"\n",(0,s.jsxs)(n.ul,{children:["\n",(0,s.jsxs)(n.li,{children:["\n",(0,s.jsxs)(n.p,{children:["When you use the ",(0,s.jsx)(n.code,{children:"GROUP BY"})," clause, make sure that the columns in the ",(0,s.jsx)(n.code,{children:"SELECT"})," statement are aggregate functions or included in the ",(0,s.jsx)(n.code,{children:"GROUP BY"})," clause."]}),"\n"]}),"\n",(0,s.jsxs)(n.li,{children:["\n",(0,s.jsxs)(n.p,{children:["When you use the ",(0,s.jsx)(n.code,{children:"HAVING"})," clause, make sure that the conditions are applied to the grouped results, but not the original data."]}),"\n"]}),"\n"]}),"\n",(0,s.jsxs)(n.p,{children:["If a query contains the ",(0,s.jsx)(n.code,{children:"HAVING"})," clause, the data is first grouped and then filtered based on the conditions specified in the ",(0,s.jsx)(n.code,{children:"HAVING"})," clause. Aggregate functions can be used after the ",(0,s.jsx)(n.code,{children:"HAVING"})," clause is executed. These aggregate functions may be different from those following the ",(0,s.jsx)(n.code,{children:"SELECT"})," statement."]}),"\n",(0,s.jsxs)(n.p,{children:["Example: Query customers who placed two or more orders in 2019, and return the data of the ",(0,s.jsx)(n.code,{children:"user_id"})," and ",(0,s.jsx)(n.code,{children:"COUNT(order_id)"})," columns."]}),"\n",(0,s.jsx)(n.pre,{children:(0,s.jsx)(n.code,{className:"language-sql",children:"SELECT user_id, COUNT(order_id)\nFROM fruit_order t\nWHERE t.order_year = 2019\nGROUP BY user_id\nHAVING COUNT(order_id) >= 2;\n"})}),"\n",(0,s.jsx)(n.p,{children:"The return result is as follows:"}),"\n",(0,s.jsx)(n.pre,{children:(0,s.jsx)(n.code,{className:"language-shell",children:"+----------+--------------+\n| Customer ID   | Number of orders     |\n+----------+--------------+\n|     1022 |            2 |\n+----------+--------------+\n1 row in set\n"})}),"\n",(0,s.jsx)(n.p,{children:(0,s.jsx)(n.strong,{children:"Aggregate data"})}),"\n",(0,s.jsxs)(n.p,{children:["An aggregate query aggregates data and returns a summary of results. It can collect statistics on, count, or calculate the sum, average value, maximum value, or minimum value of a set of data. An aggregate query is usually used with the ",(0,s.jsx)(n.code,{children:"GROUP BY"})," clause to group data and aggregate each group of data. The ",(0,s.jsx)(n.code,{children:"GROUP BY"})," clause groups data based on specified columns. Then an aggregate function is applied to each group to generate a result set."]}),"\n",(0,s.jsxs)(n.p,{children:["The following table lists frequently-used aggregate functions in ",(0,s.jsx)(n.code,{children:"GROUP BY"})," queries."]}),"\n",(0,s.jsxs)(n.table,{children:[(0,s.jsx)(n.thead,{children:(0,s.jsxs)(n.tr,{children:[(0,s.jsx)(n.th,{children:"Aggregate function"}),(0,s.jsx)(n.th,{children:"Description"})]})}),(0,s.jsxs)(n.tbody,{children:[(0,s.jsxs)(n.tr,{children:[(0,s.jsx)(n.td,{children:"MAX()"}),(0,s.jsx)(n.td,{children:"Queries the maximum value of the specified column."})]}),(0,s.jsxs)(n.tr,{children:[(0,s.jsx)(n.td,{children:"MIN()"}),(0,s.jsx)(n.td,{children:"Queries the minimum value of the specified column."})]}),(0,s.jsxs)(n.tr,{children:[(0,s.jsx)(n.td,{children:"COUNT()"}),(0,s.jsx)(n.td,{children:"Returns the number of rows in the query result."})]}),(0,s.jsxs)(n.tr,{children:[(0,s.jsx)(n.td,{children:"SUM()"}),(0,s.jsx)(n.td,{children:"Returns the sum of the specified column."})]}),(0,s.jsxs)(n.tr,{children:[(0,s.jsx)(n.td,{children:"AVG()"}),(0,s.jsx)(n.td,{children:"Returns the average value of the data in the specified column."})]})]})]}),"\n",(0,s.jsxs)(n.p,{children:["For more information about aggregate functions, see ",(0,s.jsx)(n.a,{href:"https://en.oceanbase.com/docs/common-oceanbase-database-10000000001378270",children:"Use aggregate functions in queries"}),"."]}),"\n",(0,s.jsxs)(n.p,{children:["Example: Gather statistics on the sales amount of toy orders using ",(0,s.jsx)("code",{children:"COUNT()"}),", ",(0,s.jsx)("code",{children:"SUM()"}),", ",(0,s.jsx)("code",{children:"AVG()"}),", ",(0,s.jsx)("code",{children:"ROUND()"}),", ",(0,s.jsx)("code",{children:"MIN()"}),", and ",(0,s.jsx)("code",{children:"MAX()"})," functions."]}),"\n",(0,s.jsx)(n.pre,{children:(0,s.jsx)(n.code,{className:"language-sql",children:"SELECT toy_id\n, count(*)                         order_count\n, sum(toy_amount)                  sum_amount\n, round(avg(toy_amount),2)         avg_amount\n, min(toy_amount)                  min_amount\n,max(toy_amount)                   max_amount\nFROM toys_order GROUP BY toy_id  ORDER BY toy_id;\n"})}),"\n",(0,s.jsx)(n.p,{children:"The return result is as follows:"}),"\n",(0,s.jsx)(n.pre,{children:(0,s.jsx)(n.code,{className:"language-shell",children:"+--------+-------------+------------+------------+------------+------------+\n| toy_id | order_count | sum_amount | avg_amount | min_amount | max_amount |\n+--------+-------------+------------+------------+------------+------------+\n|      1 |           2 |        150 |      75.00 |         50 |        100 |\n|      2 |           3 |        490 |     163.33 |        100 |        200 |\n|      3 |           2 |        680 |     340.00 |        330 |        350 |\n+--------+-------------+------------+------------+------------+------------+\n3 rows in set\n"})}),"\n",(0,s.jsx)(n.p,{children:(0,s.jsx)(n.strong,{children:"Sort data"})}),"\n",(0,s.jsxs)(n.p,{children:["Data sorting sorts query results by a specified column or expression in ascending or descending order. You can use the ",(0,s.jsx)(n.code,{children:"ORDER BY"})," clause to specify the sorting method in SQL queries. ",(0,s.jsx)(n.code,{children:"ORDER BY"})," supports sorting by a single field, multiple fields, an alias, or a function. Separate multiple fields with commas (,). If the ",(0,s.jsx)(n.code,{children:"ASC"})," or ",(0,s.jsx)(n.code,{children:"DESC"})," keyword is not added in the ",(0,s.jsx)(n.code,{children:"ORDER BY"})," clause, the query results are sorted in ascending order by default."]}),"\n",(0,s.jsxs)(n.p,{children:["The ",(0,s.jsx)(n.code,{children:"ORDER BY"})," clause consumes a large amount of resources, especially when you use it to sort large datasets. We recommend that you use indexes to optimize the sorting operation when necessary. Make sure that the correct columns and sorting order are specified."]}),"\n",(0,s.jsxs)(n.p,{children:["Example: Query student information in the ",(0,s.jsx)(n.code,{children:"student"})," table, and return the information sorted by ",(0,s.jsx)(n.code,{children:"score"})," in ascending order."]}),"\n",(0,s.jsx)(n.pre,{children:(0,s.jsx)(n.code,{className:"language-sql",children:"SELECT id, name, score\nFROM student\nORDER BY score;\n"})}),"\n",(0,s.jsx)(n.p,{children:"The return result is as follows:"}),"\n",(0,s.jsx)(n.pre,{children:(0,s.jsx)(n.code,{className:"language-shell",children:"+----+-----------+-------+\n| id | name      | score |\n+----+-----------+-------+\n|  1 | Emma      |    85 |\n|  4 | James     |  87.5 |\n|  9 | Charlotte |    88 |\n|  7 | Ava       |  89.5 |\n|  2 | William   |  90.5 |\n|  5 | Sophia    |  91.5 |\n| 10 | Ethan     |    92 |\n|  8 | Michael   |  93.5 |\n|  3 | Olivia    |  95.5 |\n|  6 | Benjamin  |  96.5 |\n+----+-----------+-------+\n10 rows in set\n"})}),"\n",(0,s.jsx)(n.p,{children:(0,s.jsx)(n.strong,{children:"Limit the number of rows in the result set"})}),"\n",(0,s.jsxs)(n.p,{children:["You can use the ",(0,s.jsx)(n.code,{children:"LIMIT"})," clause to limit the number of rows returned in the result set for an SQL query."]}),"\n",(0,s.jsxs)(n.p,{children:["The format of the ",(0,s.jsx)(n.code,{children:"LIMIT"})," clause to limit the number of rows is as follows:"]}),"\n",(0,s.jsx)(n.pre,{children:(0,s.jsx)(n.code,{className:"language-sql",children:"LIMIT [offset,] row_count\n"})}),"\n",(0,s.jsx)(n.p,{children:"or"}),"\n",(0,s.jsx)(n.pre,{children:(0,s.jsx)(n.code,{className:"language-sql",children:"LIMIT row_count OFFSET offset\n"})}),"\n",(0,s.jsxs)(n.ul,{children:["\n",(0,s.jsxs)(n.li,{children:["\n",(0,s.jsxs)(n.p,{children:[(0,s.jsx)(n.code,{children:"offset"}),": the number of rows to skip. In the first format, ",(0,s.jsx)(n.code,{children:"offset"})," is optional, and its default value is 0, indicating that zero rows are to be skipped. The value range is [0, +\u221e)."]}),"\n"]}),"\n",(0,s.jsxs)(n.li,{children:["\n",(0,s.jsxs)(n.p,{children:[(0,s.jsx)(n.code,{children:"row_count"}),": the number of rows to be returned. In the first format, if ",(0,s.jsx)(n.code,{children:"offset"})," is not specified, data is returned starting from the first row by default. The value range is [0, +\u221e)."]}),"\n"]}),"\n",(0,s.jsxs)(n.li,{children:["\n",(0,s.jsxs)(n.p,{children:["Take note of the following limitations on the values of ",(0,s.jsx)(n.code,{children:"offset"})," and ",(0,s.jsx)(n.code,{children:"row_count"}),":"]}),"\n",(0,s.jsxs)(n.ul,{children:["\n",(0,s.jsxs)(n.li,{children:["\n",(0,s.jsx)(n.p,{children:"Expressions are not supported."}),"\n"]}),"\n",(0,s.jsxs)(n.li,{children:["\n",(0,s.jsx)(n.p,{children:"Only explicit numerical values are allowed, and they cannot be negative."}),"\n"]}),"\n"]}),"\n"]}),"\n"]}),"\n",(0,s.jsxs)(n.p,{children:["Example: Retrieve the three rows after the fifth row in the ",(0,s.jsx)(n.code,{children:"student"})," table and return the data of the ",(0,s.jsx)(n.code,{children:"id"})," and ",(0,s.jsx)(n.code,{children:"name"})," columns."]}),"\n",(0,s.jsx)(n.pre,{children:(0,s.jsx)(n.code,{className:"language-sql",children:"SELECT id, name\nFROM student\nLIMIT 3 OFFSET 5;\n"})}),"\n",(0,s.jsx)(n.p,{children:"The return result is as follows:"}),"\n",(0,s.jsx)(n.pre,{children:(0,s.jsx)(n.code,{className:"language-shell",children:"+----+----------+\n| id | name     |\n+----+----------+\n|  6 | Benjamin |\n|  7 | Ava      |\n|  8 | Michael  |\n+----+----------+\n3 rows in set\n"})}),"\n",(0,s.jsx)(n.p,{children:(0,s.jsx)(n.strong,{children:"Perform pagination queries"})}),"\n",(0,s.jsxs)(n.p,{children:["You can use the ",(0,s.jsx)(n.code,{children:"LIMIT"})," clause to perform pagination in SQL queries."]}),"\n",(0,s.jsxs)(n.p,{children:["The format of the ",(0,s.jsx)(n.code,{children:"LIMIT"})," clause for pagination is as follows:"]}),"\n",(0,s.jsx)(n.pre,{children:(0,s.jsx)(n.code,{className:"language-sql",children:"LIMIT (page_no - 1) * page_size, page_size;\n"})}),"\n",(0,s.jsxs)(n.ul,{children:["\n",(0,s.jsxs)(n.li,{children:["\n",(0,s.jsxs)(n.p,{children:[(0,s.jsx)(n.code,{children:"page_no"}),": the page number. The value range is [1, +\u221e)."]}),"\n"]}),"\n",(0,s.jsxs)(n.li,{children:["\n",(0,s.jsxs)(n.p,{children:[(0,s.jsx)(n.code,{children:"page_size"}),": the number of records per page. The value range is [1, +\u221e). For example, For example, if ",(0,s.jsx)(n.code,{children:"page_no"})," is set to ",(0,s.jsx)(n.code,{children:"5"})," and ",(0,s.jsx)(n.code,{children:"page_size"})," is set to ",(0,s.jsx)(n.code,{children:"10"}),", the 10 records on page 5 are retrieved."]}),"\n"]}),"\n"]}),"\n",(0,s.jsxs)(n.p,{children:["Example: For the ",(0,s.jsx)(n.code,{children:"student"})," table, set ",(0,s.jsx)(n.code,{children:"page_size"})," to ",(0,s.jsx)(n.code,{children:"2"})," to retrieve data of page 1 and page 2."]}),"\n",(0,s.jsx)(n.p,{children:"Page 1:"}),"\n",(0,s.jsx)(n.pre,{children:(0,s.jsx)(n.code,{className:"language-sql",children:"SELECT id, name\nFROM student\nORDER BY id\nLIMIT 0,2;\n"})}),"\n",(0,s.jsx)(n.p,{children:"The return result is as follows:"}),"\n",(0,s.jsx)(n.pre,{children:(0,s.jsx)(n.code,{className:"language-shell",children:"+----+---------+\n| id | name    |\n+----+---------+\n|  1 | Emma    |\n|  2 | William |\n+----+---------+\n2 rows in set\n"})}),"\n",(0,s.jsx)(n.p,{children:"Page 2:"}),"\n",(0,s.jsx)(n.pre,{children:(0,s.jsx)(n.code,{className:"language-sql",children:"SELECT id, name\nFROM student\nORDER BY id\nLIMIT 2,2;\n"})}),"\n",(0,s.jsx)(n.p,{children:"The return result is as follows:"}),"\n",(0,s.jsx)(n.pre,{children:(0,s.jsx)(n.code,{className:"language-shell",children:"+----+--------+\n| id | name   |\n+----+--------+\n|  3 | Olivia |\n|  4 | James  |\n+----+--------+\n2 rows in set\n"})}),"\n",(0,s.jsx)(n.h4,{id:"perform-subqueries",children:"Perform subqueries"}),"\n",(0,s.jsx)(n.p,{children:"A subquery is a query nested in an upper-layer query. An upper-layer query is generally referred to as a parent query or outer query. The subquery result is returned to the parent query or outer query as input. The parent query takes the subquery result into the calculation to determine the final output."}),"\n",(0,s.jsxs)(n.p,{children:["The SQL language supports multi-level nested queries, which means that one subquery can be nested with other subqueries. Meanwhile, subqueries can be included in various clauses of SQL statements, such as ",(0,s.jsx)(n.code,{children:"SELECT"}),", ",(0,s.jsx)(n.code,{children:"FROM"}),", and ",(0,s.jsx)(n.code,{children:"WHERE"}),"."]}),"\n",(0,s.jsxs)(n.p,{children:["For more information about statements for subqueries, see ",(0,s.jsx)(n.a,{href:"https://en.oceanbase.com/docs/common-oceanbase-database-10000000001378431",children:"Subqueries"}),"."]}),"\n",(0,s.jsx)(n.h3,{id:"manage-transactions",children:"Manage transactions"}),"\n",(0,s.jsx)(n.p,{children:"A database transaction is a series of database operations that are treated as a unit. The database is transformed from one consistent state to another after a transaction is executed."}),"\n",(0,s.jsx)(n.p,{children:"You can use database transactions to achieve the following purposes:"}),"\n",(0,s.jsxs)(n.ul,{children:["\n",(0,s.jsxs)(n.li,{children:["\n",(0,s.jsx)(n.p,{children:"Recover a sequence of failed database operations to the normal state and maintain database consistency even if the database is in the abnormal state."}),"\n"]}),"\n",(0,s.jsxs)(n.li,{children:["\n",(0,s.jsx)(n.p,{children:"Isolate concurrent access to a database and prevent concurrent operations from causing inconsistency in the database."}),"\n"]}),"\n"]}),"\n",(0,s.jsx)(n.p,{children:"Basic transaction control statements are as follows:"}),"\n",(0,s.jsxs)(n.ul,{children:["\n",(0,s.jsxs)(n.li,{children:["\n",(0,s.jsx)(n.p,{children:"BEGIN: explicitly starts a transaction. The use of the statement involves the following two scenarios:"}),"\n",(0,s.jsxs)(n.ul,{children:["\n",(0,s.jsxs)(n.li,{children:["\n",(0,s.jsxs)(n.p,{children:["If the value of the system variable ",(0,s.jsx)(n.code,{children:"autocommit"})," is ",(0,s.jsx)(n.code,{children:"0"})," for a tenant session, the autocommit mode is disabled. In this case, you do not need to explicitly issue the ",(0,s.jsx)(n.code,{children:"BEGIN"})," command to combine multiple SQL statements into one transaction."]}),"\n"]}),"\n",(0,s.jsxs)(n.li,{children:["\n",(0,s.jsxs)(n.p,{children:["If the value of the system variable ",(0,s.jsx)(n.code,{children:"autocommit"})," is ",(0,s.jsx)(n.code,{children:"1"})," for a tenant session, the autocommit mode is enabled. In this case, each SQL statement is an independent transaction. To combine multiple SQL statements into one transaction, you need to explicitly issue the ",(0,s.jsx)(n.code,{children:"BEGIN"})," command. In this case, the autocommit mode is disabled and will be resumed after a ",(0,s.jsx)(n.code,{children:"COMMIT"})," or ",(0,s.jsx)(n.code,{children:"ROLLBACK"})," statement is executed."]}),"\n"]}),"\n"]}),"\n"]}),"\n",(0,s.jsxs)(n.li,{children:["\n",(0,s.jsx)(n.p,{children:"SAVEPOINT: marks a savepoint in a transaction. After the transaction is executed, you can roll back the transaction to the savepoint. Savepoints are optional. A transaction can have multiple savepoints."}),"\n"]}),"\n",(0,s.jsxs)(n.li,{children:["\n",(0,s.jsx)(n.p,{children:"COMMIT: commits and ends the current transaction, permanently applies all the changes made by the transaction, deletes all the savepoints, and releases the locks that the transaction holds."}),"\n"]}),"\n",(0,s.jsxs)(n.li,{children:["\n",(0,s.jsx)(n.p,{children:"ROLLBACK: rolls back all the changes in a transaction or the changes after a specific savepoint, deletes all the savepoints in the statements that are rolled back, and releases the locks that the transaction holds."}),"\n"]}),"\n"]}),"\n",(0,s.jsxs)(n.p,{children:["On the CLI of OBClient, you can run a transaction control command after the SQL prompt, or modify the ",(0,s.jsx)(n.code,{children:"autocommit"})," variable at the session level to control whether to automatically commit transactions."]}),"\n",(0,s.jsxs)(n.ul,{children:["\n",(0,s.jsxs)(n.li,{children:["\n",(0,s.jsxs)(n.p,{children:["If you execute the ",(0,s.jsx)(n.code,{children:"SET autocommit"})," statement to set the ",(0,s.jsx)(n.code,{children:"autocommit"})," variable, the setting takes effect immediately for the current session and becomes invalid after the session is closed."]}),"\n"]}),"\n",(0,s.jsxs)(n.li,{children:["\n",(0,s.jsxs)(n.p,{children:["If you execute the ",(0,s.jsx)(n.code,{children:"SET GLOBAL autocommit"})," statement to set the ",(0,s.jsx)(n.code,{children:"autocommit"})," variable at the tenant level, the setting takes effect after you close the current session and starts a new one."]}),"\n"]}),"\n",(0,s.jsxs)(n.li,{children:["\n",(0,s.jsxs)(n.p,{children:["If the ",(0,s.jsx)(n.code,{children:"autocommit"})," variable of a session is set to ",(0,s.jsx)(n.code,{children:"0"})," and no transaction is explicitly committed, when the program terminates abnormally, OceanBase Database automatically rolls back the last uncommitted transaction."]}),"\n"]}),"\n"]}),"\n",(0,s.jsx)(n.h4,{id:"start-a-transaction",children:"Start a transaction"}),"\n",(0,s.jsx)(n.p,{children:"The transaction control statements in the MySQL mode of OceanBase Database are compatible with those in MySQL Database. In the MySQL mode of OceanBase Database, you can start a transaction in the following ways:"}),"\n",(0,s.jsxs)(n.ul,{children:["\n",(0,s.jsxs)(n.li,{children:["\n",(0,s.jsxs)(n.p,{children:["Execute a ",(0,s.jsx)(n.code,{children:"BEGIN"})," statement."]}),"\n",(0,s.jsx)(n.pre,{children:(0,s.jsx)(n.code,{className:"language-sql",children:"obclient [test]> BEGIN;      // Start a transaction.\nobclient [test]> INSERT INTO table1 VALUES(1,1);  \nobclient [test]> COMMIT;\n"})}),"\n"]}),"\n",(0,s.jsxs)(n.li,{children:["\n",(0,s.jsxs)(n.p,{children:["Execute a ",(0,s.jsx)(n.code,{children:"START TRANSACTION"})," statement."]}),"\n",(0,s.jsx)(n.pre,{children:(0,s.jsx)(n.code,{className:"language-sql",children:"obclient [test]> START TRANSACTION; // Start a transaction.\nobclient [test]> INSERT INTO table1 VALUES(1,1);  \nobclient [test]> COMMIT;\n"})}),"\n"]}),"\n",(0,s.jsxs)(n.li,{children:["\n",(0,s.jsxs)(n.p,{children:["When ",(0,s.jsx)(n.code,{children:"autocommit"})," is set to ",(0,s.jsx)(n.code,{children:"0"})," to disable the autocommit mode, execute the ",(0,s.jsx)(n.code,{children:"INSERT"}),", ",(0,s.jsx)(n.code,{children:"UPDATE"}),", ",(0,s.jsx)(n.code,{children:"DELETE"}),", or ",(0,s.jsx)(n.code,{children:"SELECT FOR UPDATE"})," statement to start a new transaction."]}),"\n",(0,s.jsx)(n.pre,{children:(0,s.jsx)(n.code,{className:"language-sql",children:"obclient [test]> SET AUTOCOMMIT=0;\nobclient [test]> INSERT INTO table1 VALUES(1,1);  // Start a transaction.\nobclient [test]> COMMIT;\n\nobclient [test]> SET AUTOCOMMIT=0;\nobclient [test]> UPDATE table1 SET id = 2 WHERE id = 1;  // Start a transaction.\nobclient [test]> COMMIT;\n\nobclient [test]> SET AUTOCOMMIT=0;\nobclient [test]> DELETE FROM table1 WHERE id = 2;  // Start a transaction.\nobclient [test]> COMMIT;\n\nobclient [test]> SET AUTOCOMMIT=0;\nobclient [test]> SELECT id FROM table1 WHERE id = 1 FOR UPDATE;  // Start a transaction.\nobclient [test]> COMMIT;\n"})}),"\n"]}),"\n"]}),"\n",(0,s.jsx)(n.p,{children:"When a transaction is started, OceanBase Database assigns an ID to uniquely identify the transaction."}),"\n",(0,s.jsxs)(n.p,{children:["In scenarios with multiple concurrent connections, the same row of data may be operated by two transactions. For query reads, you can use the ",(0,s.jsx)(n.code,{children:"SELECT FOR UPDATE"})," statement to lock the query results to prevent other DML statements from modifying this record."]}),"\n",(0,s.jsxs)(n.p,{children:["Use ",(0,s.jsx)(n.code,{children:"SET autocommit=0"})," to disable the autocommit mode and then execute ",(0,s.jsx)(n.code,{children:"UPDATE"})," to start a transaction."]}),"\n",(0,s.jsx)(n.pre,{children:(0,s.jsx)(n.code,{className:"language-sql",children:"obclient [test]> CREATE TABLE ordr(\nid INT NOT NULL PRIMARY KEY,\nname VARCHAR(10) NOT NULL,\nvalue INT,\ngmt_create DATETIME NOT NULL DEFAULT CURRENT_TIMESTAMP );\nQuery OK, 0 rows affected\n\nobclient [test]>  INSERT INTO ordr(id, name, value)\nVALUES (1,'CN',10001),(2,'US', 10002),(3,'EN', 10003);\nQuery OK, 3 rows affected\n Records: 3  Duplicates: 0  Warnings: 0\n\nobclient [test]> SELECT * FROM ordr;\n+----+------+-------+---------------------+\n| id | name | value | gmt_create          |\n+----+------+-------+---------------------+\n|  1 | CN   | 10001 | 2022-10-19 14:51:12 |\n|  2 | US   | 10002 | 2022-10-19 14:51:12 |\n|  3 | EN   | 10003 | 2022-10-19 14:51:12 |\n+----+------+-------+---------------------+\n2 rows in set\n\nobclient [test]> SET autocommit=0;\nQuery OK, 0 rows affected \n\nobclient [test]> UPDATE ordr SET id=4 WHERE name='US';\nQuery OK, 1 row affected \nRows matched: 1  Changed: 1  Warnings: 0\n"})}),"\n",(0,s.jsxs)(n.p,{children:["After the execution, you can query the ",(0,s.jsx)(n.code,{children:"oceanbase.V$OB_TRANSACTION_PARTICIPANTS"})," view for information about participants of active transactions."]}),"\n",(0,s.jsx)(n.pre,{children:(0,s.jsx)(n.code,{className:"language-sql",children:"obclient [test]> SELECT * FROM oceanbase.V$OB_TRANSACTION_PARTICIPANTS;\n"})}),"\n",(0,s.jsx)(n.p,{children:"The output is as follows:"}),"\n",(0,s.jsx)(n.pre,{children:(0,s.jsx)(n.code,{className:"language-shell",children:'*************************** 1. row ***************************\n       TENANT_ID: 1002\n          SVR_IP: xx.xx.xx.223\n        SVR_PORT: 2882\n      SESSION_ID: 3221487660\n  SCHEDULER_ADDR: "xx.xx.xx.223:2882"\n         TX_TYPE: UNDECIDED\n           TX_ID: 110352\n           LS_ID: 1001\n    PARTICIPANTS: NULL\n CTX_CREATE_TIME: 2022-10-19 14:55:23.763474\n TX_EXPIRED_TIME: 2022-10-19 14:55:23.763474\n           STATE: ACTIVE\n          ACTION: START\nPENDING_LOG_SIZE: 116\nFLUSHED_LOG_SIZE: 0\n            ROLE: LEADER\n1 row in set\n'})}),"\n",(0,s.jsx)(n.h4,{id:"define-a-savepoint",children:"Define a savepoint"}),"\n",(0,s.jsx)(n.p,{children:"In OceanBase Database, savepoints are user-defined execution marks in a transaction. You can define multiple savepoints in a transaction. In this way, the transaction can be rolled back to a specified savepoint when necessary."}),"\n",(0,s.jsxs)(n.p,{children:["If you make mistakes in operations after defining a savepoint, you do not need to roll back the entire transaction and execute it again. Instead, you can run the ",(0,s.jsx)(n.code,{children:"ROLLBACK TO"})," command to roll back only operations after the savepoint."]}),"\n",(0,s.jsxs)(n.p,{children:["In the example described in the following table, the ",(0,s.jsx)(n.code,{children:"sp1"})," savepoint is created, so that data inserts after this savepoint can be rolled back."]}),"\n",(0,s.jsxs)(n.table,{children:[(0,s.jsx)(n.thead,{children:(0,s.jsxs)(n.tr,{children:[(0,s.jsx)(n.th,{children:"Command"}),(0,s.jsx)(n.th,{children:"Description"})]})}),(0,s.jsxs)(n.tbody,{children:[(0,s.jsxs)(n.tr,{children:[(0,s.jsx)(n.td,{children:"BEGIN;"}),(0,s.jsx)(n.td,{children:"Starts a transaction."})]}),(0,s.jsxs)(n.tr,{children:[(0,s.jsx)(n.td,{children:"INSERT INTO a VALUE(1);"}),(0,s.jsx)(n.td,{children:"Inserts row 1."})]}),(0,s.jsxs)(n.tr,{children:[(0,s.jsx)(n.td,{children:"SAVEPOINT sp1;"}),(0,s.jsxs)(n.td,{children:["Creates a savepoint named ",(0,s.jsx)(n.code,{children:"sp1"}),"."]})]}),(0,s.jsxs)(n.tr,{children:[(0,s.jsx)(n.td,{children:"INSERT INTO a VALUE(2);"}),(0,s.jsx)(n.td,{children:"Inserts row 2."})]}),(0,s.jsxs)(n.tr,{children:[(0,s.jsx)(n.td,{children:"SAVEPOINT sp2;"}),(0,s.jsxs)(n.td,{children:["Creates a savepoint named ",(0,s.jsx)(n.code,{children:"sp2"}),"."]})]}),(0,s.jsxs)(n.tr,{children:[(0,s.jsx)(n.td,{children:"ROLLBACK TO sp1;"}),(0,s.jsx)(n.td,{children:"Rolls back to sp1."})]}),(0,s.jsxs)(n.tr,{children:[(0,s.jsx)(n.td,{children:"INSERT INTO a VALUE(3);"}),(0,s.jsx)(n.td,{children:"Inserts row 3."})]}),(0,s.jsxs)(n.tr,{children:[(0,s.jsx)(n.td,{children:"COMMIT;"}),(0,s.jsx)(n.td,{children:"Commits the transaction."})]})]})]}),"\n",(0,s.jsxs)(n.p,{children:["Each operation in a transaction corresponds to an SQL sequence in OceanBase Database. The value of the SQL sequence increases during transaction execution (excluding parallel operations). Creating a savepoint is to match the name of the savepoint to the current SQL sequence of the transaction. When you run the ",(0,s.jsx)(n.code,{children:"ROLLBACK TO"})," command, OceanBase Database performs the following operations internally:"]}),"\n",(0,s.jsxs)(n.ol,{children:["\n",(0,s.jsxs)(n.li,{children:["\n",(0,s.jsx)(n.p,{children:"Roll back all the operations with an SQL sequence that is greater than the SQL sequence of the savepoint, and release the corresponding row lock, such as the lock of row 2 in this example."}),"\n"]}),"\n",(0,s.jsxs)(n.li,{children:["\n",(0,s.jsxs)(n.p,{children:["Delete all savepoints that are created after this savepoint. In this example, the ",(0,s.jsx)(n.code,{children:"sp2"})," savepoint is deleted."]}),"\n"]}),"\n"]}),"\n",(0,s.jsxs)(n.p,{children:["You can continue to execute the transaction after running a ",(0,s.jsx)(n.code,{children:"ROLLBACK TO"})," command."]}),"\n",(0,s.jsxs)(n.p,{children:["For more information about savepoints, see ",(0,s.jsx)(n.a,{href:"https://en.oceanbase.com/docs/common-oceanbase-database-10000000001378287",children:"Savepoints"}),"."]}),"\n",(0,s.jsx)(n.h4,{id:"commit-a-transaction",children:"Commit a transaction"}),"\n",(0,s.jsxs)(n.p,{children:["In OceanBase Database, transactions can be committed explicitly or implicitly. To explicitly commit a transaction, use the ",(0,s.jsx)(n.code,{children:"COMMIT"})," statement or the commit button on a GUI-based client. In implicit commit of a transaction, you do not need to proactively commit it. When ",(0,s.jsx)(n.code,{children:"autocommit"})," is set to ",(0,s.jsx)(n.code,{children:"1"}),", after each statement is executed, OceanBase Database will automatically commit the transaction where this statement is executed. In this case, a statement is a transaction."]}),"\n",(0,s.jsxs)(n.p,{children:["OceanBase Database issues an implicit ",(0,s.jsx)(n.code,{children:"COMMIT"})," statement before and after a DDL statement, which also commits a transaction."]}),"\n",(0,s.jsxs)(n.p,{children:["In an implicit commit process, OceanBase Database automatically commits an active transaction without receiving a transaction ending statement such as a ",(0,s.jsx)(n.code,{children:"COMMIT"})," or ",(0,s.jsx)(n.code,{children:"ROLLBACK"})," statement."]}),"\n",(0,s.jsx)(n.p,{children:"A transaction may be implicitly committed in the following scenarios:"}),"\n",(0,s.jsxs)(n.ul,{children:["\n",(0,s.jsxs)(n.li,{children:["\n",(0,s.jsx)(n.p,{children:"A statement that is used to start a transaction is executed."}),"\n"]}),"\n",(0,s.jsxs)(n.li,{children:["\n",(0,s.jsx)(n.p,{children:"A DDL statement is executed."}),"\n"]}),"\n"]}),"\n",(0,s.jsx)(n.h4,{id:"commit-a-transaction-explicitly",children:"Commit a transaction explicitly"}),"\n",(0,s.jsxs)(n.p,{children:["Use ",(0,s.jsx)(n.code,{children:"BEGIN"})," to start a transaction, use ",(0,s.jsx)(n.code,{children:"INSERT"})," to insert data into the ",(0,s.jsx)(n.code,{children:"ordr"})," table, and then use ",(0,s.jsx)(n.code,{children:"COMMIT"})," to commit the transaction."]}),"\n",(0,s.jsx)(n.pre,{children:(0,s.jsx)(n.code,{className:"language-sql",children:"obclient [test]> SELECT * FROM ordr;\n+----+------+-------+---------------------+\n| id | name | value | gmt_create          |\n+----+------+-------+---------------------+\n|  1 | CN   | 10001 | 2022-10-19 14:51:12 |\n|  2 | US   | 10002 | 2022-10-19 14:51:12 |\n|  3 | EN   | 10003 | 2022-10-19 14:51:12 |\n+----+------+-------+---------------------+\n3 rows in set\n\nobclient [test]> BEGIN;\nQuery OK, 0 rows affected \n\nobclient [test]> INSERT INTO ordr(id,name) VALUES(4,'JP');\nQuery OK, 1 row affected \n\nobclient [test]> COMMIT;\nQuery OK, 0 rows affected \n"})}),"\n",(0,s.jsx)(n.p,{children:"Close and then reconnect the session. Query the table data."}),"\n",(0,s.jsx)(n.pre,{children:(0,s.jsx)(n.code,{className:"language-shell",children:"obclient [test]> SELECT * FROM ordr;\n"})}),"\n",(0,s.jsx)(n.p,{children:"The return result is as follows, which indicates that the data is inserted and saved."}),"\n",(0,s.jsx)(n.pre,{children:(0,s.jsx)(n.code,{className:"language-shell",children:"+----+------+-------+---------------------+\n| id | name | value | gmt_create          |\n+----+------+-------+---------------------+\n|  1 | CN   | 10001 | 2022-10-19 14:51:12 |\n|  2 | US   | 10002 | 2022-10-19 14:51:12 |\n|  3 | EN   | 10003 | 2022-10-19 14:51:12 |\n|  4 | JP   |  NULL | 2022-10-19 14:51:44 |\n+----+------+-------+---------------------+\n4 rows in set\n"})}),"\n",(0,s.jsx)(n.h4,{id:"commit-a-transaction-implicitly",children:"Commit a transaction implicitly"}),"\n",(0,s.jsxs)(n.p,{children:["Set the ",(0,s.jsx)(n.code,{children:"autocommit"})," variable to ",(0,s.jsx)(n.code,{children:"1"})," to enable the autocommit mode."]}),"\n",(0,s.jsx)(n.pre,{children:(0,s.jsx)(n.code,{className:"language-sql",children:"obclient [test]> SELECT * FROM ordr;\n+----+------+-------+---------------------+\n| id | name | value | gmt_create          |\n+----+------+-------+---------------------+\n|  1 | CN   | 10001 | 2022-10-19 14:51:12 |\n|  2 | US   | 10002 | 2022-10-19 14:51:12 |\n|  3 | EN   | 10003 | 2022-10-19 14:51:12 |\n|  4 | JP   |  NULL | 2022-10-19 14:51:44 |\n+----+------+-------+---------------------+\n4 rows in set\n\nobclient [test]> SET autocommit=1;\n\nobclient [test]>  INSERT INTO ordr(id,name) VALUES(5,'CN');\nQuery OK, 1 row affected \n"})}),"\n",(0,s.jsx)(n.p,{children:"Close and then reconnect the session. Query the table data."}),"\n",(0,s.jsx)(n.pre,{children:(0,s.jsx)(n.code,{className:"language-sql",children:"obclient [test]> SELECT * FROM ordr;\n"})}),"\n",(0,s.jsx)(n.p,{children:"The return result is as follows, which indicates that the data is inserted and saved."}),"\n",(0,s.jsx)(n.pre,{children:(0,s.jsx)(n.code,{className:"language-shell",children:"+----+------+-------+---------------------+\n| id | name | value | gmt_create          |\n+----+------+-------+---------------------+\n|  1 | CN   | 10001 | 2022-10-19 14:51:12 |\n|  2 | US   | 10002 | 2022-10-19 14:51:12 |\n|  3 | EN   | 10003 | 2022-10-19 14:51:12 |\n|  4 | JP   |  NULL | 2022-10-19 14:51:44 |\n|  5 | CN   |  NULL | 2022-10-19 14:53:56 |\n+----+------+-------+---------------------+\n5 rows in set\n"})}),"\n",(0,s.jsx)(n.h4,{id:"roll-back-a-transaction",children:"Roll back a transaction"}),"\n",(0,s.jsx)(n.p,{children:"Rolling back a transaction is to revoke all the changes made in the transaction. Before a transaction is committed, you can roll back the entire transaction or roll back the transaction to any savepoint."}),"\n",(0,s.jsx)(n.p,{children:"After you roll back an entire transaction:"}),"\n",(0,s.jsxs)(n.ul,{children:["\n",(0,s.jsxs)(n.li,{children:["\n",(0,s.jsx)(n.p,{children:"All changes made in the transaction are discarded."}),"\n"]}),"\n",(0,s.jsxs)(n.li,{children:["\n",(0,s.jsx)(n.p,{children:"All savepoints are cleared."}),"\n"]}),"\n",(0,s.jsxs)(n.li,{children:["\n",(0,s.jsx)(n.p,{children:"All locks held by the transaction are released."}),"\n"]}),"\n"]}),"\n",(0,s.jsx)(n.p,{children:"To roll back an entire transaction, use the following syntax:"}),"\n",(0,s.jsx)(n.pre,{children:(0,s.jsx)(n.code,{className:"language-sql",children:"ROLLBACK;\n"})}),"\n",(0,s.jsxs)(n.p,{children:["In the following example, ",(0,s.jsx)(n.code,{children:"ROLLBACK"})," is used to revoke all changes made by the current transaction."]}),"\n",(0,s.jsx)(n.pre,{children:(0,s.jsx)(n.code,{className:"language-sql",children:"obclient [test]> SELECT * FROM ordr;\n+----+------+-------+---------------------+\n| id | name | value | gmt_create          |\n+----+------+-------+---------------------+\n|  1 | CN   | 10001 | 2022-10-19 14:51:12 |\n|  2 | US   | 10002 | 2022-10-19 14:51:12 |\n|  3 | EN   | 10003 | 2022-10-19 14:51:12 |\n|  4 | JP   |  NULL | 2022-10-19 14:51:44 |\n|  5 | CN   |  NULL | 2022-10-19 14:53:56 |\n+----+------+-------+---------------------+\n5 rows in set\n\nobclient [test]> BEGIN;\nQuery OK, 0 rows affected \n\nobclient [test]> INSERT INTO ordr(id, name, value) VALUES(6,'JP',10007);\nQuery OK, 1 row affected \n\nobclient [test]> INSERT INTO ordr(id, name, value) VALUES(8,'FR',10008),(9,'RU',10009);\nQuery OK, 2 rows affected \nRecords: 2  Duplicates: 0  Warnings: 0\n\nobclient [test]> SELECT * FROM ordr;\n+----+------+-------+---------------------+\n| id | name | value | gmt_create          |\n+----+------+-------+---------------------+\n|  1 | CN   | 10001 | 2022-10-19 14:51:12 |\n|  2 | US   | 10002 | 2022-10-19 14:51:12 |\n|  3 | EN   |  1003 | 2022-10-19 14:51:12 |\n|  4 | JP   |  NULL | 2022-10-19 14:51:44 |\n|  5 | CN   |  NULL | 2022-10-19 14:53:56 |\n|  6 | JP   | 10007 | 2022-10-19 14:58:24 |\n|  8 | FR   | 10008 | 2022-10-19 14:58:35 |\n|  9 | RU   | 10009 | 2022-10-19 14:58:35 |\n+----+------+-------+---------------------+\n8 rows in set\n\nobclient [test]> ROLLBACK;\nQuery OK, 0 rows affected \n\nobclient [test]> SELECT * FROM ordr;\n+----+------+-------+---------------------+\n| id | name | value | gmt_create          |\n+----+------+-------+---------------------+\n|  1 | CN   | 10001 | 2022-10-19 14:51:12 |\n|  2 | US   | 10002 | 2022-10-19 14:51:12 |\n|  3 | EN   |  1003 | 2022-10-19 14:51:12 |\n|  4 | JP   |  NULL | 2022-10-19 14:51:44 |\n|  5 | CN   |  NULL | 2022-10-19 14:53:56 |\n+----+------+-------+---------------------+\n5 rows in set\n"})}),"\n",(0,s.jsxs)(n.p,{children:["In this example, the ",(0,s.jsx)(n.code,{children:"BEGIN"})," statement is used to start a transaction. Before the ",(0,s.jsx)(n.code,{children:"COMMIT"})," statement is used to commit the transaction, all modifications are visible only to the current session, and none of them is persisted. You can use the ",(0,s.jsx)(n.code,{children:"ROLLBACK"})," statement to roll back the modifications."]}),"\n",(0,s.jsx)(n.h5,{id:"automatically-roll-back-a-transaction",children:"Automatically roll back a transaction"}),"\n",(0,s.jsxs)(n.p,{children:["In an automatic rollback process, OceanBase Database rolls back a transaction without receiving a ",(0,s.jsx)(n.code,{children:"ROLLBACK"})," command from users. A transaction may be automatically rolled back in the following scenarios:"]}),"\n",(0,s.jsxs)(n.ul,{children:["\n",(0,s.jsxs)(n.li,{children:["\n",(0,s.jsx)(n.p,{children:"The session is disconnected."}),"\n"]}),"\n",(0,s.jsxs)(n.li,{children:["\n",(0,s.jsxs)(n.p,{children:["The transaction execution times out. The ",(0,s.jsx)(n.code,{children:"ob_trx_timeout"})," parameter specifies the transaction timeout duration in microseconds."]}),"\n"]}),"\n",(0,s.jsxs)(n.li,{children:["\n",(0,s.jsxs)(n.p,{children:["No statement is executed in a session where an active transaction resides within the idle timeout period. The ",(0,s.jsx)(n.code,{children:"ob_trx_idle_timeout"})," parameter specifies the idle timeout duration in microseconds. A timeout occurs when the execution interval between two statements exceeds the value of this parameter."]}),"\n"]}),"\n"]}),"\n",(0,s.jsx)(n.h5,{id:"roll-back-an-interrupted-transaction",children:"Roll back an interrupted transaction"}),"\n",(0,s.jsx)(n.p,{children:"If an internal error occurs during the execution of a transaction due to a node failure or other reasons, the transaction is interrupted. In this case, the transaction cannot execute a statement and must be rolled back."}),"\n",(0,s.jsxs)(n.p,{children:['If you execute an SQL statement in this case, the message "transaction need rollback" appears. You must execute a ',(0,s.jsx)(n.code,{children:"ROLLBACK"})," statement to end the transaction."]}),"\n",(0,s.jsx)(n.h4,{id:"transaction-isolation-levels",children:"Transaction isolation levels"}),"\n",(0,s.jsx)(n.p,{children:"Isolation levels describe the extent to which concurrent transactions interfere with each other during execution. The SQL-92 standard of American National Standards Institute (ANSI) and International Organization for Standardization (ISO) defines four isolation levels based on the exceptions that must be avoided during transaction execution. The higher the isolation level, the weaker the interference between transactions and the fewer exceptions that are allowed to occur. At the highest isolation level Serializable, no exceptions are allowed. The following exceptions are to be avoided:"}),"\n",(0,s.jsxs)(n.ul,{children:["\n",(0,s.jsxs)(n.li,{children:["\n",(0,s.jsx)(n.p,{children:"Dirty read"}),"\n",(0,s.jsx)(n.p,{children:"One transaction reads the data that has not been committed by other transactions."}),"\n"]}),"\n",(0,s.jsxs)(n.li,{children:["\n",(0,s.jsx)(n.p,{children:"Non-repeatable read"}),"\n",(0,s.jsxs)(n.p,{children:["When you query the data of a row that you have once read, you find that the data of this row has been modified or deleted. For example, for ",(0,s.jsx)(n.code,{children:"select c2 from test where c1=1;"}),", the value of ",(0,s.jsx)(n.code,{children:"c2"})," queried for the first time is ",(0,s.jsx)(n.code,{children:"1"}),". When you query ",(0,s.jsx)(n.code,{children:"c2"})," again, its value becomes ",(0,s.jsx)(n.code,{children:"2"})," because other transactions have modified the value."]}),"\n"]}),"\n",(0,s.jsxs)(n.li,{children:["\n",(0,s.jsx)(n.p,{children:"Phantom read"}),"\n",(0,s.jsx)(n.p,{children:"When the same query conditions are used again during request execution, the newly inserted rows in another committed transaction that meet the conditions are read and returned in the result set."}),"\n"]}),"\n"]}),"\n",(0,s.jsxs)(n.table,{children:[(0,s.jsx)(n.thead,{children:(0,s.jsxs)(n.tr,{children:[(0,s.jsx)(n.th,{children:"Isolation level"}),(0,s.jsx)(n.th,{children:"Dirty read"}),(0,s.jsx)(n.th,{children:"Non-repeatable read"}),(0,s.jsx)(n.th,{children:"Phantom read"})]})}),(0,s.jsxs)(n.tbody,{children:[(0,s.jsxs)(n.tr,{children:[(0,s.jsx)(n.td,{children:"Read uncommitted"}),(0,s.jsx)(n.td,{children:"Possible"}),(0,s.jsx)(n.td,{children:"Possible"}),(0,s.jsx)(n.td,{children:"Possible"})]}),(0,s.jsxs)(n.tr,{children:[(0,s.jsx)(n.td,{children:"Read committed"}),(0,s.jsx)(n.td,{children:"Impossible"}),(0,s.jsx)(n.td,{children:"Possible"}),(0,s.jsx)(n.td,{children:"Possible"})]}),(0,s.jsxs)(n.tr,{children:[(0,s.jsx)(n.td,{children:"Repeatable read"}),(0,s.jsx)(n.td,{children:"Impossible"}),(0,s.jsx)(n.td,{children:"Impossible"}),(0,s.jsx)(n.td,{children:"Possible"})]}),(0,s.jsxs)(n.tr,{children:[(0,s.jsx)(n.td,{children:"Serializable"}),(0,s.jsx)(n.td,{children:"Impossible"}),(0,s.jsx)(n.td,{children:"Impossible"}),(0,s.jsx)(n.td,{children:"Impossible"})]})]})]}),"\n",(0,s.jsx)(n.p,{children:"OceanBase Database in MySQL mode supports the following isolation levels:"}),"\n",(0,s.jsxs)(n.ul,{children:["\n",(0,s.jsxs)(n.li,{children:["\n",(0,s.jsx)(n.p,{children:"Read committed: A query executed by a transaction can read only the data committed before the query starts. This isolation level cannot prevent non-repeatable or phantom reads."}),"\n"]}),"\n",(0,s.jsxs)(n.li,{children:["\n",(0,s.jsx)(n.p,{children:"Repeatable read: The same data read at different times within a transaction is consistent."}),"\n"]}),"\n",(0,s.jsxs)(n.li,{children:["\n",(0,s.jsx)(n.p,{children:"Serializable: It is similar to the serializable isolation level in Oracle Database, but is not strictly a serializable isolation level."}),"\n"]}),"\n"]}),"\n",(0,s.jsxs)(n.p,{children:["By default, OceanBase Database uses the ",(0,s.jsx)(n.strong,{children:"read committed"})," isolation level."]}),"\n",(0,s.jsxs)(n.p,{children:["In practice, only the ",(0,s.jsx)(n.strong,{children:"Read committed"})," and ",(0,s.jsx)(n.strong,{children:"Serializable"})," isolation levels are implemented in OceanBase Database. If you set the isolation level to ",(0,s.jsx)(n.strong,{children:"Repeatable read"}),", ",(0,s.jsx)(n.strong,{children:"Serializable"})," is implemented. In other words, OceanBase Database implements a stricter ",(0,s.jsx)(n.strong,{children:"Repeatable read"})," isolation level to prevent phantom reads. At the ",(0,s.jsx)(n.strong,{children:"Read committed"})," isolation level, dirty reads are impossible, but non-repeatable reads and phantom reads may occur. At the ",(0,s.jsx)(n.strong,{children:"Serializable"})," isolation level, dirty, non-repeatable, and phantom reads are impossible."]}),"\n",(0,s.jsx)(n.h5,{id:"oceanbase-database-vs-other-databases-in-terms-of-isolation-levels",children:"OceanBase Database vs other databases in terms of isolation levels"}),"\n",(0,s.jsxs)(n.table,{children:[(0,s.jsx)(n.thead,{children:(0,s.jsxs)(n.tr,{children:[(0,s.jsx)(n.th,{children:"Database"}),(0,s.jsx)(n.th,{children:"Read uncommitted"}),(0,s.jsx)(n.th,{children:"Read committed"}),(0,s.jsx)(n.th,{children:"Repeatable read"}),(0,s.jsx)(n.th,{children:"Serializable"})]})}),(0,s.jsxs)(n.tbody,{children:[(0,s.jsxs)(n.tr,{children:[(0,s.jsx)(n.td,{children:"OceanBase"}),(0,s.jsx)(n.td,{children:"Not supported"}),(0,s.jsx)(n.td,{children:"Supported, conforming to the SQL standard"}),(0,s.jsx)(n.td,{children:"Supported, no phantom reads"}),(0,s.jsx)(n.td,{children:"Supported, strict serializable isolation not guaranteed"})]}),(0,s.jsxs)(n.tr,{children:[(0,s.jsx)(n.td,{children:"MySQL"}),(0,s.jsx)(n.td,{children:"Supported, with possible dirty reads"}),(0,s.jsx)(n.td,{children:"Supported, conforming to the SQL standard"}),(0,s.jsx)(n.td,{children:"Supported, no phantom reads"}),(0,s.jsx)(n.td,{children:"Supported, strict serializable isolation guaranteed"})]}),(0,s.jsxs)(n.tr,{children:[(0,s.jsx)(n.td,{children:"Oracle"}),(0,s.jsx)(n.td,{children:"Not supported"}),(0,s.jsx)(n.td,{children:"Supported, conforming to the SQL standard"}),(0,s.jsx)(n.td,{children:"Not supported"}),(0,s.jsx)(n.td,{children:"Supported, strict serializable isolation not guaranteed"})]}),(0,s.jsxs)(n.tr,{children:[(0,s.jsx)(n.td,{children:"PostgreSQL earlier than 9.1"}),(0,s.jsx)(n.td,{children:"Supported, read committed isolation implemented"}),(0,s.jsx)(n.td,{children:"Supported, conforming to the SQL standard"}),(0,s.jsx)(n.td,{children:"Supported, no phantom reads"}),(0,s.jsx)(n.td,{children:"Supported, strict serializable isolation not guaranteed"})]}),(0,s.jsxs)(n.tr,{children:[(0,s.jsx)(n.td,{children:"PostgreSQL 9.1 and later"}),(0,s.jsx)(n.td,{children:"Supported, read committed isolation implemented"}),(0,s.jsx)(n.td,{children:"Supported, conforming to the SQL standard"}),(0,s.jsx)(n.td,{children:"Supported, no phantom reads"}),(0,s.jsx)(n.td,{children:"Supported, strict serializable isolation guaranteed"})]})]})]}),"\n",(0,s.jsx)(n.p,{children:"Differences of transaction isolation levels between OceanBase Database in MySQL mode and MySQL Database are described as follows:"}),"\n",(0,s.jsxs)(n.ul,{children:["\n",(0,s.jsxs)(n.li,{children:["\n",(0,s.jsxs)(n.p,{children:["Read uncommitted: The ",(0,s.jsx)(n.strong,{children:"read uncommitted"})," isolation level is supported in MySQL Database but not in OceanBase Database in MySQL mode."]}),"\n"]}),"\n",(0,s.jsxs)(n.li,{children:["\n",(0,s.jsx)(n.p,{children:"Read committed: At the read committed isolation level, MySQL Database implements semi-consistent reads to determine whether a row meets the conditions for an update. If a row is already updated in a concurrent transaction, MySQL Database waits for the transaction to finish and then determines whether to update the row based on the latest version. OceanBase Database determines whether a row meets the conditions for an update based on the version in the snapshot of the statement, regardless of whether the row is updated in a concurrent transaction or not."}),"\n"]}),"\n",(0,s.jsxs)(n.li,{children:["\n",(0,s.jsx)(n.p,{children:"Repeatable read: When a write conflict occurs at the repeatable read isolation level in MySQL Database, a data write transaction waits for the previous one to finish. If the previous one rolls back, the transaction updates data based on the original version. If the previous one commits, the transaction updates data based on the latest version. In OceanBase Database, a data write transaction waits for the previous one to finish. If the previous one rolls back, the transaction updates data based on the original version. If the previous one commits, the transaction rolls back and returns an error."}),"\n"]}),"\n",(0,s.jsxs)(n.li,{children:["\n",(0,s.jsx)(n.p,{children:"Serializable: MySQL Database implements the serializable isolation level based on the two-phase lock (2PL) protocol, which guarantee strict serializability. OceanBase Database implements the serializable isolation level based on snapshot isolation, which cannot guarantee strict serializability."}),"\n"]}),"\n"]}),"\n",(0,s.jsx)(n.h5,{id:"read-committed",children:"Read committed"}),"\n",(0,s.jsxs)(n.p,{children:["At the read committed isolation level in OceanBase Database, when a ",(0,s.jsx)(n.code,{children:"SELECT"})," statement is executed, only the data from transactions committed before the execution of the statement is read. The data from transactions committed during the statement execution or modified by concurrent transactions is not read. In other words, the latest snapshot of the current database is obtained prior to the execution of each statement. Dirty reads are impossible because the snapshot records only the committed data. However, two consecutive ",(0,s.jsx)(n.code,{children:"SELECT"})," statements in the same transaction may obtain different data because a new snapshot is obtained before each statement is executed. This means that unrepeatable reads and phantom reads may occur at the read committed isolation level."]}),"\n",(0,s.jsxs)(n.p,{children:["Like the ",(0,s.jsx)(n.code,{children:"SELECT"})," statement, statements such as ",(0,s.jsx)(n.code,{children:"UPDATE"}),", ",(0,s.jsx)(n.code,{children:"DELETE"}),", and ",(0,s.jsx)(n.code,{children:"SELECT FOR UPDATE"})," obtain only the row version committed prior to the statement execution when searching for a row. They skip the row if that version does not satisfy the predicates of the update operation, and try to update the row only if it does. However, while a transaction (transaction A) is trying to update a row that satisfies the predicates, the row may have already been updated by another concurrent transaction (transaction B). In this case, if transaction B has not finished, transaction A waits for transaction B to commit or roll back. If transaction B rolls back, transaction A continues to update the target row. If transaction B commits, transaction A re-executes the statement, thus re-obtaining the statement snapshot to read the version updated by transaction B. If that version still satisfies the predicates, the target row is updated on top of that version."]}),"\n",(0,s.jsx)(n.h5,{id:"repeatable-read-or-serializable",children:"Repeatable read or serializable"}),"\n",(0,s.jsxs)(n.p,{children:["At the serializable or repeatable read isolation level in OceanBase Database, the first statement of a transaction obtains the snapshot of the current database as the transaction snapshot, from which data is read during the execution of subsequent ",(0,s.jsx)(n.code,{children:"SELECT"})," statements. Only the data from transactions committed before the transaction snapshot is read. The data from transactions committed during the transaction execution or modified by concurrent transactions is not read. As all statements use the same transaction snapshot with consistent data, non-repeatable reads and phantom reads are impossible."]}),"\n",(0,s.jsxs)(n.p,{children:["Like the ",(0,s.jsx)(n.code,{children:"SELECT"})," statement, statements such as ",(0,s.jsx)(n.code,{children:"UPDATE"}),", ",(0,s.jsx)(n.code,{children:"DELETE"}),", and ",(0,s.jsx)(n.code,{children:"SELECT FOR UPDATE"})," obtain only the row version committed prior to the transaction snapshot when searching for a row. They skip the row if that version does not satisfy the predicates of the update operation, and try to update the row only if it does. However, while a transaction (transaction A) has found the target row, the row may have already been updated by another concurrent transaction (transaction B). In this case, if transaction B has not finished, transaction A waits for transaction B to commit or roll back. If transaction B rolls back, transaction A continues to update the originally found row. If transaction B commits, transaction A rolls back to avoid lost updates. In this case, OceanBase Database in MySQL mode returns the following error message:"]}),"\n",(0,s.jsx)(n.pre,{children:(0,s.jsx)(n.code,{className:"language-sql",children:"ERROR 6235 (25000): can't serialize access for this transaction\n"})}),"\n",(0,s.jsxs)(n.blockquote,{children:["\n",(0,s.jsx)(n.p,{children:(0,s.jsx)(n.strong,{children:"Note"})}),"\n",(0,s.jsx)(n.p,{children:"A transaction at the business layer may roll back due to write conflicts and retry. If the business does not require that all statements in a transaction use consistent data, we recommend that you use the read-committed isolation level for complex transactions whose retry costs are high."}),"\n"]}),"\n",(0,s.jsx)(n.h5,{id:"set-the-isolation-level",children:"Set the isolation level"}),"\n",(0,s.jsx)(n.p,{children:"You can set the isolation level at the global level or the session level."}),"\n",(0,s.jsx)(n.pre,{children:(0,s.jsx)(n.code,{className:"language-sql",children:"SET [GLOBAL | SESSION] TRANSACTION ISOLATION LEVEL [READ COMMITTED | REPEATABLE READ | SERIALIZABLE];\n"})}),"\n",(0,s.jsx)(n.h5,{id:"limitations-3",children:"Limitations"}),"\n",(0,s.jsxs)(n.ul,{children:["\n",(0,s.jsxs)(n.li,{children:["\n",(0,s.jsx)(n.p,{children:"You cannot set the isolation level during transaction execution. Otherwise, the following error is reported:"}),"\n",(0,s.jsx)(n.pre,{children:(0,s.jsx)(n.code,{className:"language-sql",children:"ERROR 1568 (25001): Transaction characteristics can't be changed while a transaction is in progress\n"})}),"\n"]}),"\n",(0,s.jsxs)(n.li,{children:["\n",(0,s.jsx)(n.p,{children:"Global isolation levels can be overridden by isolation levels at the session level."}),"\n"]}),"\n",(0,s.jsxs)(n.li,{children:["\n",(0,s.jsx)(n.p,{children:"Limitations of the serializable isolation level"}),"\n",(0,s.jsxs)(n.p,{children:["In the SQL standard, the serializable isolation level avoids only dirty reads, non-repeatable reads, and phantom reads. The strict definition of serializability is as follows: Any two concurrent transactions are executed sequentially, one after another. In other words, same results are returned, regardless of whether the transactions are executed sequentially or in parallel. Similar to Oracle, and PostgreSQL 9.0 and earlier, OceanBase Database does not guarantee strict serializability at the serializable isolation level. This means that the execution result of transactions may be different from that of any serial execution. A typical example is write skew. Assume that you have created two empty tables named ",(0,s.jsx)(n.code,{children:"T1(num int)"})," and ",(0,s.jsx)(n.code,{children:"T2(num int)"}),", and executed statements in transaction 1 (",(0,s.jsx)(n.code,{children:"Trx1"}),") and transaction 2 (",(0,s.jsx)(n.code,{children:"Trx2"}),") in the following order:"]}),"\n",(0,s.jsx)(n.pre,{children:(0,s.jsx)(n.code,{className:"language-sql",children:"Trx1                                                  Trx2\nBEGIN;\nINSERT INTO T2 SELECT COUNT(*) FROM T1;\n\n                                                      BEGIN;\n                                                      INSERT INTO T1 SELECT COUNT(*) FROM T2;\nCOMMIT;\n                                                      COMMIT:\n"})}),"\n",(0,s.jsxs)(n.p,{children:["In the snapshots obtained by ",(0,s.jsx)(n.code,{children:"Trx1"})," and ",(0,s.jsx)(n.code,{children:"Trx2"})," transactions, the value of ",(0,s.jsx)(n.code,{children:"COUNT"})," is ",(0,s.jsx)(n.code,{children:"0"})," for both tables. The ",(0,s.jsx)(n.code,{children:"num=0"})," row will be inserted into both ",(0,s.jsx)(n.code,{children:"T1"})," and ",(0,s.jsx)(n.code,{children:"T2"})," tables. If the two transactions are executed serially, regardless of the execution sequence, ",(0,s.jsx)(n.code,{children:"num=0"})," and ",(0,s.jsx)(n.code,{children:"num=1"})," will be inserted into both tables respectively. At present, OceanBase Database cannot guarantee strict serializability because it does not lock read operations or check for loops of read/write conflicts when a transaction commits, and reads and writes are not mutually exclusive. In most real-world scenarios, only dirty reads, phantom reads, and non-repeatable reads must be prevented in business. If the business requires strict serializability, you can explicitly add locks to read operations by using, for example, the ",(0,s.jsx)(n.code,{children:"SELECT FOR UPDATE"})," statement."]}),"\n"]}),"\n"]}),"\n",(0,s.jsx)(n.h4,{id:"weak-consistency-read",children:"Weak consistency read"}),"\n",(0,s.jsx)(n.p,{children:"OceanBase Database provides two consistency levels: STRONG and WEAK. In a strong consistency read operation, the latest data must be read, and requests are routed to the leader. In a weak consistency read operation, the reading of the latest data is not required, and requests are preferentially routed to the followers. In OceanBase Database, write operations always feature strong consistency, which means that the leader provides services. By default, read operations in OceanBase Database feature strong consistency, which means that the leader provides services. However, you can specify weak consistency reads. In this case, the followers preferentially provide services."}),"\n",(0,s.jsxs)(n.p,{children:["For more information about weak consistency read, see ",(0,s.jsx)(n.a,{href:"https://en.oceanbase.com/docs/common-oceanbase-database-10000000001377992",children:"Weak consistency read"}),"."]})]})}function h(e={}){const{wrapper:n}={...(0,a.R)(),...e.components};return n?(0,s.jsx)(n,{...e,children:(0,s.jsx)(d,{...e})}):d(e)}},28453:(e,n,t)=>{t.d(n,{R:()=>r,x:()=>o});var s=t(96540);const a={},i=s.createContext(a);function r(e){const n=s.useContext(i);return s.useMemo((function(){return"function"==typeof e?e(n):{...n,...e}}),[n,e])}function o(e){let n;return n=e.disableParentContext?"function"==typeof e.components?e.components(a):e.components||a:r(e.components),s.createElement(i.Provider,{value:n},e.children)}}}]);